票站地址,,
新界長洲大興堤路25號,22.205147,114.026123
新界南丫島索罟灣第二街1號地下,22.205566,114.1316
新界長洲長洲醫院路3號,22.207909,114.031207
新界長洲長洲地段1139號龍仔村,22.208512,114.029784
新界長洲國民路30號,22.210821,114.029431
香港赤柱市場道6號赤柱市政大廈地面下層,22.219168,114.212198
新界南丫島榕樹灣大街21號,22.226543,114.111513
新界大嶼山嶼南道塘福33號地下,22.233637,113.959664
香港淺水灣南灣坊6號1樓體育館,22.238986,114.201026
香港鴨脷洲利東邨第2期,22.241971,114.156061
香港鴨脷洲利東邨,22.241971,114.156061
香港鴨脷洲海怡半島東翼商場1樓,22.243344,114.148377
香港鴨脷洲鴨脷洲橋道325號,22.243601,114.150449
香港鴨脷洲邨,22.243994,114.151462
香港鴨脷洲洪聖街8號鴨脷洲市政大廈3樓,22.2445,114.155422
香港黃竹坑深灣道3號南濤閣地下1-3室,22.244824,114.166002
新界大嶼山貝澳羅屋村2號,22.245998,113.980204
香港香港仔海傍道1號,22.247518,114.159973
香港香港仔石排灣邨第2期,22.249238,114.158968
香港香港仔香港仔大道203號香港仔市政大廈6樓,22.249336,114.154483
香港香港仔黃竹坑道168號,22.249604,114.173377
香港香港仔田灣街20號,22.24963,114.149553
香港奇力灣華貴邨,22.2501603,114.1360269
香港薄扶林華富邨華富道53號,22.251194,114.138325
香港香港仔田灣新街5號,22.251303,114.150805
香港華富邨華林徑5號,22.251765,114.139192
新界大嶼山大澳䃟頭村2D,22.25232,113.866119
新界大嶼山大澳街市街24-26號,22.254379,113.861789
新界大嶼山昂坪昂平路寶蓮禪寺,22.255427,113.903462
香港石澳石澳村140號,22.256018,114.23037
新界大嶼山東涌下嶺皮1號,22.257617,113.940109
香港薄扶林置富道置富南區廣場,22.257801,114.139168
香港薄扶林道147號,22.260245,114.136044
香港數碼港道100號數碼港零售服務中心1樓5-8號舖,22.260831,114.130813
香港柴灣小西灣邨瑞樂樓地下1-10號,22.261359,114.248445
香港柴灣萃文道4號,22.261958,114.233277
香港柴灣華廈街9號,22.262044,114.237624
新界大嶼山大蠔新村25號,22.262108,114.003163
香港柴灣興華(一)邨卓華樓地下,22.262232,114.235099
香港域多利道555號碧瑤灣(上),22.262483,114.131959
香港柴灣小西灣道15號小西灣綜合大樓地下,22.263331,114.249253
香港柴灣小西灣道31號,22.263604,114.250897
香港柴灣柴灣道233號新翠花園第6座政府大樓2樓,22.263825,114.237159
香港柴灣小西灣富怡道2號,22.264859,114.250638
香港山頂僑福道22號德瑞國際學校山頂校舍中座,22.265566,114.160906
香港跑馬地成和道72號,22.266266,114.188008
香港柴灣柴灣道365號漁灣邨,22.266339,114.240867
新界大嶼山銀石街9號梅窩市政大廈1樓,22.267015,113.996545
香港跑馬地桂成里20號誠和閣地下,22.267495,114.186439
香港柴灣興民邨社區中心第3層,22.26781,114.236078
香港柴灣翠灣街翠灣邨,22.267825,114.239597
香港柴灣祥民道11號,22.268481,114.236184
香港跑馬地毓秀街2號黃泥涌市政大廈6樓,22.268967,114.185785
香港薄扶林沙宣道6號,22.269613,114.129871
香港灣仔皇后大道東197-213號胡忠大廈2樓,22.274224,114.172805
香港銅鑼灣大坑徑17號,22.274414,114.195225
香港跑馬地黃泥涌道133號,22.275294,114.183321
香港筲箕灣耀興道25號,22.2765,114.226995
香港灣仔愛群道30號,22.276528,114.179713
香港灣仔愛群道5號,22.276949,114.178674
香港中環紅棉路29號,22.2773,114.159277
香港灣仔譚臣道169號,22.277429,114.175597
香港灣仔軒尼詩道22號2樓,22.277483,114.168961
香港杏花邨盛康里6號,22.2776109,114.2381484
香港羅便臣道2號,22.278306,114.153421
香港銅鑼灣大坑道摩頓台(香港中央圖書館側),22.278756,114.189132
香港大坑勵德邨道34號勵德邨,22.27881,114.193945
香港筲箕灣寶文街1號峻峰花園地下,22.278829,114.228625
香港筲箕灣耀東邨耀華樓地下B翼、C翼及1樓B翼,22.278938,114.221306
香港銅鑼灣摩頓台,22.279504,114.189061
香港筲箕灣南安街103號,22.280031,114.225958
香港筲箕灣東熹苑景熹閣地下,22.2800853,114.218453
新界大嶼山東涌逸東(一)邨,22.280435,113.937372
香港筲箕灣筲箕灣東大街19號,22.280932,114.23081
香港銅鑼灣高士威道120號,22.280944,114.191787
香港鰂魚涌康愉街2號,22.280955,114.213868
香港筲箕灣愛信道39號,22.28121,114.225925
香港筲箕灣興東邨興祖樓地下,22.281231,114.219804
香港堅道75號地下至2樓,22.281613,114.151935
香港堅尼地城士美菲路12號K士美非路市政大廈4樓,22.281756,114.128684
香港堅尼地城石山街12號2樓,22.281839,114.129117
新界大嶼山東涌逸東街8號逸東(二)邨,22.281866,113.937757
香港西環域多利道9-15號百年大樓第1期A座2樓,22.281913,114.125754
香港西灣河筲箕灣道111號2樓,22.282053,114.222376
香港筲箕灣愛禮街1號,22.282629,114.228512
香港北角天后廟道16號地下B舖,22.283207,114.193384
香港鰂魚涌街38號鰂魚涌市政大廈7樓,22.283694,114.211808
香港鰂魚涌基利路1號鰂魚涌社區綜合大樓地下,22.28375,114.213999
香港醫院道4號,22.283829,114.1450159
香港鰂魚涌英皇道1100號,22.283999,114.21479
香港上環居賢坊1號,22.284024,114.148692
香港中環皇后大道中99號中環中心地下1室,22.284616,114.154724
香港西灣河太康街28號地下,22.284628,114.223796
香港西營盤高街2號西營盤社區綜合大樓3樓,22.284894,114.144084
新界坪洲寶坪街6號坪洲市政大廈,22.284916,114.03808
香港卑路乍街8號西寶城3樓(幼稚園),22.285141,114.133203
香港西營盤高街119號,22.285334,114.139762
香港皇后大道西470號石塘咀市政大廈5樓,22.285551,114.136164
香港西營盤第三街96號地下,22.285684,114.141128
香港上環新街12-20號,22.285756,114.146675
香港太古城太裕路5號興安閣平台512-513號,22.286412,114.214092
香港鰂魚涌太古城太榮路2號南海閣平台,22.286519,114.2173354
香港太古城太豐路1-3號金星閣地下G1020-1022號,22.286686,114.218763
香港上環德輔道中322-324號西區電話機樓1樓,22.28676,114.150187
香港北角雲景道81號,22.287369,114.199653
新界大嶼山東涌富東邨第3期第10區,22.287374,113.942509
香港北角炮台山道30號,22.287505,114.194889
香港德輔道西246號東慈商業中心3樓,22.287757,114.141665
香港銅鑼灣福蔭道7號,22.288454,114.191085
香港鰂魚涌英皇道888號,22.288903,114.209445
新界大嶼山沙螺灣涌口17號,22.288977,113.920259
香港北角長康街19號,22.289176,114.19584
香港西營盤東邊街北18號,22.289593,114.143722
新界大嶼山東涌文東路39號東涌市政大樓地下,22.290545,113.943785
香港北角百福道4號,22.290745,114.20516
香港北角丹拿道53號港運城2樓,22.290902,114.202345
香港北角城市花園道2號,22.291705,114.194375
香港北角馬寶道82號,22.292005,114.202658
九龍油塘鯉魚門徑6號鯉魚門市政大廈4樓,22.292066,114.238676
香港北角渣華道99號渣華道市政大廈3樓,22.29232,114.199405
九龍油塘邨第2期,22.294074,114.237564
九龍油塘高超道38號,22.295329,114.239608
新界將軍澳日出康城首都,22.29647,114.271116
九龍油塘普照路1號,22.298275,114.238043
九龍油塘高超道23號高俊苑俊滿閣地下,22.298554,114.241669
九龍油塘油塘道25號,22.299828,114.234128
九龍尖沙咀柯士甸道22號,22.301829,114.17027
新界將軍澳調景嶺澳景路88號維景灣畔第17座地庫3層,22.3021665,114.2517199
九龍紅磡灣愛景街3號,22.302357,114.187967
九龍紅磡紅樂道8號,22.303307,114.184876
九龍紅磡黃埔花園德安街30號,22.303461,114.191428
九龍藍田碧雲道170號,22.303853,114.238853
新界將軍澳至善街7號,22.304297,114.262608
新界將軍澳調景嶺翠嶺路38號,22.304636,114.25335
九龍紅磡黃埔花園第二期十八座1樓,22.304717,114.18697
新界將軍澳調景嶺嶺光街10號,22.3049339,114.2497824
九龍油麻地南京街1號B,22.306116,114.169649
九龍紅磡海逸豪園23座地下,22.306693,114.192626
九龍尖沙咀柯士甸道西1號1樓104室,22.306752,114.161535
九龍油塘茶果嶺道81號,22.307221,114.228937
九龍紅磡馬頭圍道11號紅磡市政大廈3樓,22.307347,114.187397
新界將軍澳彩明苑彩明街9號,22.307427,114.252974
新界將軍澳蓬萊路3號,22.307479,114.267587
九龍藍田安田街平田邨第1校舍,22.307548,114.237646
九龍紅磡大環道10號,22.307581,114.188019
九龍紅磡差館里16號,22.308,114.185677
九龍藍田康栢苑停車場大廈7樓,22.30802,114.237564
新界大嶼山愉景灣海澄湖畔路99號,22.308443,114.015758
九龍藍田安田街10號,22.308871,114.237109
九龍藍田啟田道71號,22.308902,114.233828
新界將軍澳唐賢里2號,22.308906,114.258612
新界將軍澳唐俊街8號,22.309348,114.259806
九龍油麻地眾坊街60號地下,22.309868,114.169712
九龍油麻地眾坊街80號,22.310139,114.17171
九龍藍田康逸苑停車場頂層,22.310358,114.2323039
九龍觀塘彩福邨彩樂樓地下,22.310369,114.222703
九龍觀塘翠屏邨第4期屋邨小學,22.3130213,114.2303757
新界將軍澳尚德邨尚美樓,22.311294,114.256668
新界將軍澳唐明街2號尚德邨,22.311524,114.260442
九龍藍田慶田街8號,22.311526,114.237551
新界將軍澳寶康路109號,22.311656,114.263268
九龍何文田忠義街1號,22.31177,114.181075
九龍藍田碧雲道223號藍田社區綜合大樓2樓,22.311835,114.240583
九龍紅磡庇利街42號九龍城政府合署高層地下,22.311984,114.18974
九龍觀塘翠屏道17號,22.312929,114.22941
九龍油麻地海泓道10號,22.31331,114.163988
九龍土瓜灣崇安街28號,22.313508,114.190411
九龍油麻地碧街51號,22.314045,114.171282
九龍觀塘月華街19號,22.314047,114.227085
九龍何文田南常樂街3號冠熹苑地下,22.314366,114.1810759
九龍觀塘秀茂坪秀明道130號,22.314963,114.233984
九龍觀塘牛頭角道189號牛頭角上邨中央廣場,22.315473,114.219571
九龍何文田何文田邨恬文樓地下,22.315518,114.182218
九龍觀塘瑞和街9號瑞和街市政大廈8樓,22.315688,114.22427
九龍何文田忠孝街89號1樓,22.316273,114.179297
九龍觀塘牛頭角道240號,22.316484,114.217953
九龍秀茂坪寶達邨B停車場地下1號,22.3165188,114.2374224
九龍旺角西海富苑海韻閣地下01-09室,22.316824,114.164766
新界將軍澳坑口培成路38號西貢將軍澳政府綜合大樓地下,22.317321,114.268128
九龍觀塘秀茂坪寶達邨,22.3175581,114.2369756
九龍旺角洗衣街31號,22.317751,114.171753
新界將軍澳厚德邨天主教鳴遠中學,22.3178348,114.2620241
九龍觀塘牛頭角上邨安善道,22.318113,114.217761
九龍觀塘功樂道90號,22.318153,114.222241
新界將軍澳林盛路1號,22.318202,114.253429
九龍旺角上海街557號旺角綜合大樓2樓,22.318216,114.16808
新界將軍澳厚德邨將軍澳官立小學,22.318283,114.2611839
九龍土瓜灣炮仗街39號,22.318323,114.187947
九龍何文田自由道2號龍總大廈2樓,22.318491,114.174321
九龍觀塘翠屏道100號,22.318517,114.228262
九龍啓德沐虹街12號晴朗商場2樓A206,22.318567,114.179606
九龍土瓜灣上鄉道24號,22.318579,114.188196
新界將軍澳厚德邨第3期,22.318758,114.263615
九龍土瓜灣下鄉道66號,22.318823,114.190287
九龍大角咀櫻桃街18號,22.319043,114.165076
新界將軍澳學林里9號,22.319199,114.25885
九龍觀塘秀茂坪秀豐街5號,22.319467,114.233066
新界將軍澳集福路4號,22.319653,114.266669
九龍觀塘曉光街2號,22.319804,114.227739
九龍土瓜灣天光道24號,22.319844,114.186045
九龍大角咀奧海城海輝道11號政府服務中心地下,22.319929,114.156869
九龍觀塘秀茂坪曉麗苑曉安閣地下,22.320091,114.2276459
九龍牛頭角樂華南邨振華道80號,22.320673,114.2204019
九龍觀塘秀茂坪秀明道77號,22.320679,114.231844
九龍何文田巴富街8號,22.321081,114.180361
九龍九龍灣偉業街33號德福花園I座平台,22.321514,114.213272
九龍觀塘秀茂坪曉麗苑曉天閣地下,22.321841,114.2265209
九龍大角嘴道148號,22.322074,114.162173
新界將軍澳翠林邨翠林體育館,22.32217,114.2473679
新界將軍澳翠林邨翠林社區會堂,22.32217,114.2473679
新界將軍澳景林邨,22.322172,114.260312
九龍荔枝角道23號,22.322328,114.167968
九龍牛頭角彩霞邨停車場平台4號,22.322466,114.216759
九龍觀塘牛頭角下邨貴月樓及貴顯樓地下,22.322466,114.216759
九龍牛頭角樂華邨1期,22.322466,114.216759
九龍大角咀道150號,22.32249,114.162406
新界將軍澳貿泰路2號,22.323365,114.256153
九龍牛頭角振華道50號樂雅苑停車場頂樓,22.323391,114.219944
九龍土瓜灣福祥街1號,22.324559,114.186623
九龍觀塘順安邨第2號校舍,22.324665,114.228362
九龍大角咀詩歌舞街33號,22.324683,114.164011
新界將軍澳寶林邨寶林邨文娛活動會堂,22.324874,114.2539269
九龍觀塘順天邨順安道9號,22.325131,114.227558
九龍九龍城富寧街57號,22.325137,114.188553
九龍牛頭角彩霞道55號彩頤居地下,22.32565,114.216302
九龍太子道西256號A,22.326058,114.177801
九龍旺角洗衣街200號,22.326139,114.17053
新界將軍澳寶林邨迦密主恩中學,22.326664,114.2524139
九龍深水埗昌新里1號,22.327579,114.15727
九龍觀塘順利邨,22.327885,114.224573
九龍九龍灣啟禮道10號,22.328076,114.207877
九龍深水埗汝州街88號地下,22.328161,114.163766
九龍九龍灣啟業邨,22.3283829,114.2076363
九龍何文田窩打老道山文福道27號,22.328402,114.178479
九龍深水埗大埔道70號太子中心2樓C,22.328556,114.167215
九龍彩霞道80號,22.328752,114.213796
九龍啓德承啟道28號德朗邨,22.32884,114.204227
九龍深水埗基隆街333號北河街巿政大廈6樓,22.329275,114.161013
九龍九龍城衙前圍道100號九龍城市政大廈3樓,22.329517,114.189032
九龍深水埗英華街1號,22.330339,114.153035
九龍大坑東棠蔭街17號,22.330464,114.170212
九龍九龍塘牛津道2號B,22.330483,114.180969
九龍深水埗南昌街石硤尾邨42座,22.330997,114.164972
九龍深水埗海麗街1號,22.331419,114.147956
九龍黃大仙樂善道26號,22.331989,114.193439
九龍九龍塘對衡道20號,22.332154,114.181447
九龍順利邨順緻街2號,22.332289,114.2247964
九龍又一村玫瑰街22號,22.333025,114.172638
九龍清水灣道55號彩雲邨,22.333227,114.216872
九龍彩雲邨紫霄樓地下,22.333227,114.216872
九龍清水灣道10號坪石邨,22.333337,114.20965
九龍深水埗青山道101號,22.333504,114.162339
九龍深水埗荔枝角道863號地下,22.333964,114.147242
九龍深水埗福榮街231號,22.334116,114.159582
九龍長沙灣麗閣邨,22.334119,114.156684
九龍荔枝角道700號,22.334373,114.153445
九龍黃大仙聯合道150號,22.334848,114.187833
九龍牛池灣彩雲(一)邨彩鳳徑38號,22.335075,114.213835
九龍彩虹邨藍鐘路11號,22.335332,114.206025
九龍斧山平定道10號,22.335826,114.212576
九龍黃大仙彩虹邨黃菊路3號,22.335827,114.206844
九龍九龍塘添福道6號,22.335972,114.178331
九龍新蒲崗爵祿街15號,22.336694,114.195657
九龍美孚新邨第2期百老匯街38號,22.336971,114.148301
九龍新蒲崗彩頤里9號,22.337021,114.201812
九龍美孚新邨天橋底(荔灣街市側),22.3373818,114.1364843
九龍石硤尾白田街白田邨,22.33767,114.165349
九龍深水埗白田邨,22.33767,114.165349
九龍黃大仙大成街,22.337687,114.193752
九龍長沙灣道及興華街交界,22.3379193,114.151211
九龍黃大仙鳳舞街40號,22.338338,114.190069
九龍深水埗保安道325-329號保安道市政大廈2樓,22.338484,114.157507
九龍橫頭磡邨宏基樓地下1-13號,22.33978,114.188772
九龍長沙灣發祥街55號,22.340023,114.158695
九龍深水埗澤安邨,22.3404745,114.1629144
九龍荔枝角荔灣道1號,22.340672,114.136997
九龍深水埗永康街70號,22.34093,114.154636
九龍黃大仙正德街104號,22.34094,114.194305
九龍橫頭磡富美街9號,22.34103,114.184984
九龍鑽石山龍蟠街1號悅庭軒地下,22.341353,114.202419
九龍鑽石山龍蟠苑商場2樓203號,22.341721,114.1980789
九龍橫頭磡邨宏興樓地下,22.341761,114.188024
新界葵涌華荔徑11號,22.342562,114.136222
九龍黃大仙馬仔坑道1號,22.342838,114.190095
九龍黃大仙鳳德道38號嗇色園社會服務大樓地下C,22.343,114.197491
九龍黃大仙竹園道53號天馬苑,22.343164,114.185501
新界西貢竹角路8號,22.343184,114.257482
九龍鑽石山鳳德道111號鳳德邨,22.343408,114.202123
新界青衣青衣路1號第1座5樓及6樓,22.343487,114.110237
九龍鑽石山豐盛街11號,22.343505,114.208597
新界青衣細山路2-16號美景花園第11座L3層,22.3445,114.107532
九龍黃大仙竹園南邨,22.344738,114.191822
九龍黃大仙竹園道11號竹園南邨,22.34477,114.1939
新界葵涌祖堯邨敬祖路12號,22.345195,114.1268539
九龍黃大仙竹園道10號竹園北邨,22.345487,114.193559
九龍黃大仙竹園北邨松園樓地下,22.345713,114.191706
九龍黃大仙翠竹街8號翠竹花園翠竹商場5樓,22.34645,114.189151
新界葵涌荔景山路205號,22.346873,114.126619
九龍慈雲山慈雲山道8號,22.347476,114.204371
九龍黃大仙慈雲山雲華街45號,22.348775,114.199693
新界青衣青康路6號,22.348824,114.106905
新界青衣青華苑停車場大廈地下,22.349056,114.0971789
九龍慈雲山慈正邨第2期寧華街,22.349749,114.2012759
九龍黃大仙富山邨富信樓地庫一層7-12號,22.349806,114.2017989
九龍慈雲山慈雲山道120號慈愛苑3期幼稚園座,22.34993,114.196917
新界青衣長康邨青康路12號,22.350321,114.104048
新界青衣長康邨第5期樂善堂梁植偉紀念中學,22.3505788,114.0967287
新界葵涌華景山路4號,22.350678,114.133687
新界荃灣馬灣珀麗灣珀林路12號,22.350809,114.059763
新界葵涌華景山路9號華景山莊,22.352307,114.136324
新界青衣市中心清心街7號,22.352612,114.0995999
新界西貢蠔涌,22.353297,114.2483639
新界青衣青衣邨第1期第1區荃灣商會學校,22.353978,114.1005399
新界青衣青綠街23號,22.354726,114.106546
新界青衣青綠街3號,22.355532,114.10444
新界青衣長宏邨,22.356688,114.096231
新界青衣長亨邨第2期,22.357724,114.098167
新界葵涌禮芳街2號,22.359627,114.127283
新界青衣長安邨第2期地利亞(閩僑)英文小學,22.3604482,114.1056191
新界葵涌葵盛西邨第6座平台,22.361339,114.1193919
新界荃灣青山公路100號青龍頭豪景花園,22.361694,114.04352
新界青衣牙鷹洲街12號,22.362406,114.105339
新界青衣担杆山路6號,22.362425,114.103339
新界荃灣青龍頭龍如路387地段,22.362666,114.045749
新界沙田顯徑邨顯徑商場,22.362908,114.1693709
新界青衣長發邨,22.363133,114.103751
新界沙田顯泰街2號,22.363274,114.176786
新界屯門大欖涌道10號,22.363364,114.020409
新界葵涌葵盛東邨,22.363602,114.127647
新界荃灣海濱花園永順街39號,22.363752,114.113253
新界石籬(一)邨1號停車場1號活動室,22.3644672,114.1371858
新界葵涌葵興邨,22.364654,114.131667
新界葵涌葵盛圍397號,22.365072,114.130439
新界葵涌和宜合道42號,22.366479,114.138262
新界葵涌大白田街2號,22.366581,114.139287
新界沙田顯和里5號,22.366681,114.174861
新界葵涌大窩口邨富泰樓地下,22.366746,114.127896
新界葵涌葵芳邨第5期屋邨校舍,22.36685,114.130259
新界葵涌麗瑤邨小學屋邨校舍第1座,22.36685,114.130259
新界荃灣青山公路深井段37號,22.367312,114.060367
新界葵涌葵涌邨葵涌商場3樓平台4號,22.367447,114.1255389
新界沙田隆亨邨,22.3676715,114.1774324
新界葵涌葵涌邨上角街15號,22.368182,114.128088
新界荃灣咸田街60-64號,22.368584,114.117022
新界荃灣德華街37-41號,22.369161,114.119493
新界葵涌大廈街33號,22.369675,114.123596
新界荃灣國瑞路河背村48號B,22.369931,114.134162
新界沙田新田圍邨,22.370197,114.1837489
新界屯門田景邨第1號校舍,22.370424,114.123415
新界沙田大圍新翠邨第2期校舍,22.37053,114.181835
新界沙田翠田街2號新翠邨,22.37053,114.181835
新界葵涌安蔭邨,22.37076,114.142303
新界荃灣麗順路2號麗城花園,22.371048,114.100539
新界葵涌石蔭童子街45號,22.371058,114.139691
新界荃灣大壩街2號,22.371335,114.110394
新界荃灣大河道60號,22.371636,114.114574
新界荃灣麗城花園青山公路600號,22.371951,114.100966
新界荃灣廟崗街6號,22.372384,114.122499
新界沙田大圍第一街38號,22.372505,114.176584
新界沙田大圍積泰里1號,22.372566,114.175598
新界荃灣海壩街70號,22.372684,114.11372
新界屯門湖翠路263號,22.373005,113.96848
新界屯門湖山路218號,22.373364,113.969181
新界沙田秦石邨,22.3734582,114.1842852
新界屯門掃管笏管青路11號,22.37382,113.995368
新界荃灣石圍角邨第2小學校舍香港道教聯合會圓玄學院石圍角小學,22.3745936,114.122211
新界屯門湖景邨湖昌街3號,22.374909,113.964854
新界沙田乙明邨街2號,22.375551,114.191128
新界西貢對面海康健路140號萬宜漁村,22.375575,114.270839
新界沙田博康邨,22.375701,114.193671
新界荃灣石圍角邨屋邨中學第1號荃灣公立何傳耀紀念中學,22.3758833,114.1241837
新界沙田大圍美滿里9號,22.376212,114.17244
新界沙田文禮路11-17號,22.376397,114.184649
新界屯門蝴蝶邨,22.376658,113.962304
新界屯門青山灣青山公路82號地下高層,22.3767138,113.983978
新界屯門第16區,22.376779,113.968813
新界荃灣美環街38號,22.377607,114.111355
新界荃灣梨木樹邨第2校舍梨木樹天主教小學,22.377806,114.1317359
新界沙田大圍美林邨佛教黃允畋中學,22.377847,114.1759679
新界屯門蝴蝶邨兆山苑,22.378068,113.963506
新界荃灣安賢街2-10號,22.378091,114.106522
新界沙田大圍銅鑼灣山路1號,22.378401,114.180331
新界荃灣象山邨,22.378794,114.130085
新界荃灣梨木樹邨康樹樓地下梨木樹社區會堂,22.37903,114.1346659
新界荃灣荃景圍167-185號,22.379209,114.104731
新界沙田沙角邨,22.379862,114.1916389
新界沙田大圍美林邨樂道中學,22.3802343,114.1723093
新界沙田源禾路1號,22.380618,114.189267
新界屯門龍門路55-65號新屯門商場L3層,22.380973,113.965733
新界屯門青山公路三聖邨,22.381363,113.9765819
新界沙田銀城街25號,22.381453,114.203172
新界沙田廣源邨第1期,22.381612,114.21537
新界沙田廣源邨,22.381612,114.21537
新界沙田源昌里1號,22.38199,114.197033
新界屯門恒富街21號,22.382713,113.972504
新界沙田愉田苑,22.3828543,114.2004259
新界西貢親民街8號,22.383014,114.271247
新界荃灣荃錦公路川龍村24號C,22.383187,114.1108
新界屯門兆麟街18號,22.38421,113.977978
新界屯門兆麟苑商場地下,22.3843366,113.9739906
新界沙田大涌橋路52號富豪花園,22.384988,114.199385
新界沙田瀝源邨,22.385336,114.191867
新界屯門安定邨第6座校舍,22.386191,113.976056
新界屯門業旺路106號,22.386264,113.968274
新界沙田顯徑邨嘉田苑,22.386408,114.209329
新界沙田穗禾苑42A地段,22.386408,114.209329
新界屯門安定邨,22.386918,113.978085
新界沙田石門安睦里6號,22.387244,114.2074929
新界沙田第一城得榮街2號,22.387943,114.202252
新界屯門友愛邨愛德里2號,22.388067,113.972303
新界屯門友愛邨友愛路9號,22.388287,113.973561
新界沙田禾輋邨禾輋商場平台,22.388353,114.194839
新界屯門第31區楊青路,22.3895317,113.9639983
新界屯門青山公路青海圍26號,22.38964,113.980086
新界屯門第28區蝴蝶邨第3期屋邨小學第5校舍,22.39083,113.972513
新界屯門龍鼓灘北朗村1號,22.391515,113.920593
新界沙田安景街5號,22.392168,114.205769
新界屯門時代廣場北翼L4層,22.393124,113.975691
新界沙田火炭樂景街5-7號,22.393156,114.198184
新界屯門鄉事會路2號,22.394833,113.975019
新界屯門山景邨,22.397459,113.965829
新界西貢北潭涌大網仔路531號,22.399246,114.322147
新界屯門井財街27號,22.400006,113.977323
新界沙田火炭駿景園駿景路1號地下,22.401082,114.202186
新界屯門石排頭路17號,22.401453,113.973825
新界屯門旺賢街2號,22.402183,113.967042
新界屯門大興邨商場,22.402676,113.970704
新界屯門青松觀路38號,22.403301,113.973236
新界屯門新墟新和里10號,22.403313,113.977
新界屯門景峰徑1號,22.404404,113.980243
新界屯門良景邨第1校舍,22.404477,113.969979
新界屯門良景邨,22.404477,113.969979
新界沙田馬鞍山寧泰路35號,22.407039,114.220237
新界屯門建生邨,22.407107,113.969516
新界沙田馬鞍山寧泰路27號,22.410307,114.221884
新界屯門慶平路1號,22.411039,113.981555
新界屯門29區興富街3號,22.411286,113.966666
新界屯門嶺南大學郭少明伉儷樓地下9號室,22.412291,113.9805259
新界屯門兆康苑,22.412884,113.978289
新界屯門紫田路紫田村93號,22.41423,113.974869
新界沙田香港中文大學富爾敦樓103室,22.417534,114.20383
新界屯門福亨村路,22.41819,113.986896
新界沙田馬鞍山耀安邨,22.418851,114.229297
新界屯門五柳路254號,22.419669,113.979048
新界沙田馬鞍山頌安邨,22.420447,114.2237089
新界沙田馬鞍山恒安邨,22.421228,114.23192
新界沙田馬鞍山錦英苑,22.42141,114.2328339
新界屯門藍地屯門新村57號A,22.422058,113.972655
新界沙田馬鞍山西沙路632號頌安邨,22.422135,114.225946
新界沙田馬鞍山馬鞍山路208號,22.423379,114.23434
新界沙田馬鞍山錦英路2號,22.425517,114.239094
新界沙田馬鞍山鞍駿街30號,22.426252,114.228287
新界沙田馬鞍山沙安街23號馬鞍山利安社區服務大樓,22.426494,114.240952
新界元朗八鄉錦上路石湖塘村168號,22.4266283,114.0535899
新界沙田馬鞍山恒安邨第1座校舍,22.427676,114.240275
新界沙田馬鞍山恒安邨第2校舍,22.427676,114.240275
新界屯門鍾屋村1A號,22.428852,113.992243
新界元朗大棠道大棠村1號,22.430462,114.028559
新界大埔大埔公路大埔滘段4641號,22.430672,114.196178
新界西貢北西澳年明路1號,22.431372,114.2521309
新界元朗大棠路崇正新村153號地下,22.4336,114.028596
新界元朗洪水橋洪順路11號,22.433801,113.999627
新界元朗洪水橋洪堤路8號雅珊園商場地下1號舖,22.43451,113.996306
新界元朗錦田波地路12號,22.439153,114.06706
新界元朗屏山孖峰嶺路16號,22.44059,114.013177
新界元朗公園北路2號,22.440798,114.020548
新界元朗西裕街66號,22.44106,114.026229
新界元朗鳳攸南街6號,22.441097,114.033701
新界元朗鳳攸南街10號,22.441431,114.035029
新界大埔運頭塘邨運頭塘鄰里社區中心,22.4420115,114.1643629
新界大埔富亨邨第4期,22.442328,114.165521
新界大埔第六區運頭塘邨,22.442328,114.165521
新界元朗屏山沙江圍,22.442447,114.012264
新界大埔運頭塘邨香港教師會李興貴中學,22.442663,114.1672269
新界元朗鳳攸東街,22.442685,114.035173
新界元朗坳頭友全街,22.4427587,114.0416858
新界元朗鳳攸北街20號,22.443016,114.033038
新界元朗新田新圍村1號,22.444035,114.053034
新界元朗青山公路244號,22.444123,114.023721
新界元朗朗屏邨第1期,22.444538,114.022208
新界元朗元朗炮仗坊8號地下B舖,22.445715,114.029067
新界元朗媽廟路15號,22.445823,114.021719
新界大埔鄉事會街2號,22.446767,114.165982
新界元朗橫洲福慶村142號,22.44679,114.028889
新界元朗天水圍第3區天盛苑第2校舍,22.4471015,113.9987532
新界大埔廣福邨大埔浸信會公立學校,22.447163,114.1734809
新界元朗天水圍聚星路1號屏山天水圍文化康樂大樓3樓,22.447394,114.004818
新界元朗廈村廈尾路錫降圍56號,22.447831,113.993133
新界大埔錦山路170號,22.447944,114.157898
新界大埔東昌街,22.448362,114.169574
新界大埔廣福邨廣福社區會堂,22.448593,114.1724674
新界元朗舊墟路29號,22.448602,114.033077
新界大埔太和邨林村公立黃福鑾紀念學校,22.450527,114.1611969
新界元朗朗屏邨,22.450998,114.023332
新界大埔寶雅苑,22.451483,114.159064
新界大埔安邦路12號,22.451554,114.168309
新界元朗天水圍天耀邨,22.45236,114.002373
新界大埔太和邨太和鄰里社區中心,22.4525025,114.1593899
新界大埔富善邨香港道教聯合會圓玄學院第二中學,22.4528982,114.1741222
新界元朗天水圍天湖路5號,22.453438,114.002927
新界元朗天水圍天柏路6號,22.45416,114.006813
新界大埔大埔頭徑2號,22.454281,114.159036
新界大埔大元邨新界婦孺福利會梁省德學校,22.454509,114.1646089
新界大埔富善邨富善社區會堂,22.454625,114.1732644
新界大埔林村放馬莆,22.454942,114.1376874
新界元朗天水圍天瑞邨,22.455146,113.9971129
新界大埔林村谷大窩西支路南華莆村2號,22.455382,114.126099
新界大埔大元邨大元社區會堂,22.455499,114.1662559
新界大埔富善邨孔教學院大成何郭佩珍中學,22.455503,114.1737949
新界元朗天水圍天柏路26號,22.457706,114.006793
新界元朗八鄉粉錦公路橫台山散村100號,22.458276,114.101366
新界元朗天水圍天壇街19號,22.460069,113.994979
新界元朗天水圍第4期第3區,22.460642,114.0042
新界元朗天水圍天瑞邨第1期屋邨小學,22.460642,114.0042
新界元朗天水圍第31區第1期(天頌苑),22.460642,114.0042
新界元朗天水圍第102區第4期(天富苑),22.460642,114.0042
新界元朗天水圍天耀邨第2期,22.460642,114.0042
新界大埔富亨邨,22.460647,114.1690849
新界元朗天水圍天榮路11號,22.461248,114.001325
新界元朗天水圍天華路天晴邨,22.462262,114.003028
新界大埔康樂園市中心徑5號1樓A室,22.462574,114.152209
新界元朗天水圍天瑞路82號,22.462861,113.997073
新界大埔圍頭村52號,22.46368,114.147104
新界大埔九龍坑村62號,22.46368,114.147104
新界元朗天水圍天暉路,22.46543,113.996992
新界大埔汀角路船灣詹屋村38號,22.465821,114.208774
新界元朗天水圍天瑞路86號,22.468128,114.00172
新界元朗流浮山深灣路,22.468773,113.985774
新界大埔泰亨村中心圍9號,22.469348,114.151054
新界元朗天水圍天恒邨,22.470588,113.998949
新界大埔露屏路10號,22.470914,114.19506
新界元朗大生圍錦綉花園紫荊東路,22.472378,114.049067
新界大埔大美督村51號A,22.473662,114.236269
新界大埔塔門,22.47546,114.359399
新界粉嶺雍盛苑雍盛商場2樓,22.4821796,114.1386805
新界粉嶺華明邨,22.482579,114.141673
新界粉嶺粉嶺村651號,22.485222,114.140034
新界粉嶺一鳴路27號,22.486159,114.144622
新界粉嶺一鳴路12號,22.487281,114.142045
新界粉嶺欣盛里2號,22.488254,114.139453
新界粉嶺新運路28號,22.491432,114.142438
新界粉嶺嘉福邨,22.492296,114.134424
新界粉嶺祥華邨,22.492606,114.140036
新界上水清城路8號,22.492798,114.124183
新界粉嶺簡頭村75號,22.494107,114.14515
新界粉嶺維翰路1號,22.494414,114.131187
新界上水金錢村,22.494942,114.124169
新界元朗新田,22.495012,114.069613
新界粉嶺和合石村23號D1,22.496783,114.13847
新界粉嶺崇謙堂村樂東街10號,22.496918,114.146883
新界上水百和路19號,22.496971,114.128401
新界粉嶺聯和墟聯益街9號,22.497846,114.141365
新界上水旭埔苑,22.499643,114.127966
新界粉嶺聯和墟和滿街9號地下,22.499936,114.144743
新界上水智昌路6號,22.500909,114.132618
新界上水彩園邨,22.502638,114.125051
新界上水天平邨天平商場3樓,22.502963,114.13253
新界粉嶺龍躍頭,22.503804,114.149582
新界粉嶺沙頭角公路地段DD83,22.503804,114.149582
新界上水天平邨,22.50462,114.131882
新界上水坑頭村25號,22.504911,114.133723
新界上水馬會道155號,22.504963,114.130692
新界上水蕉徑老圍,22.507472,114.130877
新界上水鳳南路6號,22.508319,114.127028
新界上水古洞村河上鄉路,22.511348,114.105201
新界打鼓嶺坪輋路136號打鼓嶺鄉村中心政府大樓地下,22.524551,114.160656
新界沙頭角烏蛟騰村祠心路103號,22.531577,114.20324
新界沙頭角石涌凹沙頭角公路60號,22.53647,114.211131
新界沙頭角吉澳島吉澳大街51號,22.543648,114.2838909
新界北區打鼓嶺週田村,22.544825,114.169202
新界沙頭角沙頭角墟第4區,22.545956,114.221239