District Code,Polling Station Code,"Geographical
Constituency",No. of Electors,08:30,09:30,10:30,11:30,12:30,13:30,14:30,15:30,16:30,17:30,18:30,19:30,20:30,21:30,22:30
A,A0101,LC1,"4,806 ",57 ,148 ,311 ,509 ,692 ,860 ,"1,011 ","1,154 ","1,307 ","1,459 ","1,605 ","1,750 ","1,903 ","2,042 ","2,154 "
A,A0102,LC1,845 ,5 ,22 ,32 ,57 ,89 ,115 ,145 ,169 ,202 ,244 ,282 ,312 ,339 ,358 ,383 
A,A0201,LC1,"7,465 ",57 ,159 ,406 ,675 ,980 ,"1,250 ","1,475 ","1,712 ","2,014 ","2,275 ","2,558 ","2,811 ","3,094 ","3,375 ","3,842 "
A,A0301,LC1,"7,036 ",90 ,247 ,485 ,755 ,"1,074 ","1,353 ","1,563 ","1,840 ","2,091 ","2,347 ","2,605 ","2,869 ","3,148 ","3,416 ","3,817 "
A,A0401,LC1,"3,648 ",27 ,83 ,153 ,251 ,382 ,518 ,620 ,756 ,911 ,"1,059 ","1,216 ","1,331 ","1,491 ","1,601 ","1,793 "
A,A0402,LC1,"1,149 ",20 ,43 ,63 ,117 ,161 ,210 ,248 ,287 ,343 ,393 ,447 ,509 ,535 ,574 ,645 
A,A0501,LC1,"8,345 ",86 ,254 ,477 ,763 ,980 ,"1,383 ","1,717 ","1,992 ","2,311 ","2,589 ","2,859 ","3,274 ","3,567 ","3,926 ","4,495 "
A,A0601,LC1,"6,634 ",67 ,241 ,473 ,737 ,"1,009 ","1,247 ","1,525 ","1,752 ","1,972 ","2,173 ","2,415 ","2,657 ","2,936 ","3,256 ","3,630 "
A,A0701,LC1,"7,450 ",120 ,321 ,555 ,840 ,"1,097 ","1,322 ","1,579 ","1,791 ","2,028 ","2,315 ","2,616 ","2,905 ","3,195 ","3,524 ","3,889 "
A,A0801,LC1,"7,958 ",76 ,281 ,563 ,862 ,"1,187 ","1,457 ","1,770 ","2,016 ","2,282 ","2,544 ","2,861 ","3,120 ","3,445 ","3,759 ","4,137 "
A,A0901,LC1,"10,022 ",90 ,266 ,612 ,892 ,"1,327 ","1,687 ","2,082 ","2,498 ","2,891 ","3,275 ","3,642 ","3,992 ","4,381 ","4,780 ","5,349 "
A,A1001,LC1,"11,259 ",118 ,354 ,665 ,"1,011 ","1,400 ","1,759 ","2,065 ","2,396 ","2,782 ","3,158 ","3,583 ","3,989 ","4,436 ","4,898 ","5,538 "
A,A1101,LC1,"5,429 ",85 ,217 ,334 ,551 ,767 ,936 ,"1,072 ","1,264 ","1,428 ","1,596 ","1,812 ","2,027 ","2,199 ","2,367 ","2,583 "
A,A1201,LC1,"7,306 ",79 ,269 ,476 ,789 ,"1,080 ","1,331 ","1,627 ","1,913 ","2,222 ","2,484 ","2,718 ","2,977 ","3,242 ","3,453 ","3,708 "
A,A1301,LC1,"3,366 ",14 ,86 ,170 ,320 ,447 ,583 ,698 ,797 ,923 ,"1,030 ","1,110 ","1,234 ","1,358 ","1,467 ","1,606 "
A,A1302,LC1,"1,997 ",14 ,53 ,96 ,170 ,224 ,268 ,312 ,362 ,420 ,487 ,539 ,595 ,663 ,721 ,770 
A,A1401,LC1,"7,166 ",105 ,289 ,519 ,806 ,"1,105 ","1,379 ","1,657 ","1,879 ","2,128 ","2,382 ","2,640 ","2,867 ","3,123 ","3,350 ","3,723 "
A,A1501,LC1,"6,047 ",89 ,258 ,442 ,709 ,950 ,"1,140 ","1,401 ","1,622 ","1,836 ","2,040 ","2,273 ","2,488 ","2,712 ","2,959 ","3,253 "
B,B0101,LC1,"6,153 ",75 ,218 ,398 ,575 ,907 ,"1,113 ","1,228 ","1,456 ","1,624 ","1,823 ","2,013 ","2,201 ","2,432 ","2,590 ","2,812 "
B,B0201,LC1,"5,794 ",37 ,231 ,386 ,638 ,840 ,"1,016 ","1,194 ","1,387 ","1,605 ","1,781 ","1,988 ","2,146 ","2,313 ","2,475 ","2,646 "
B,B0301,LC1,"5,485 ",59 ,134 ,272 ,421 ,566 ,783 ,971 ,"1,169 ","1,337 ","1,492 ","1,652 ","1,802 ","1,943 ","2,062 ","2,263 "
B,B0401,LC1,"7,928 ",78 ,214 ,422 ,668 ,911 ,"1,116 ","1,293 ","1,515 ","1,755 ","1,999 ","2,206 ","2,440 ","2,634 ","2,829 ","3,136 "
B,B0501,LC1,"5,734 ",79 ,213 ,403 ,733 ,993 ,"1,217 ","1,419 ","1,596 ","1,815 ","1,908 ","2,141 ","2,332 ","2,505 ","2,701 ","2,931 "
B,B0601,LC1,"5,212 ",48 ,159 ,302 ,458 ,674 ,887 ,"1,072 ","1,278 ","1,521 ","1,698 ","1,863 ","2,106 ","2,298 ","2,505 ","2,925 "
B,B0701,LC1,"5,292 ",74 ,182 ,267 ,489 ,675 ,899 ,"1,114 ","1,334 ","1,578 ","1,754 ","1,925 ","2,143 ","2,321 ","2,583 ","2,879 "
B,B0801,LC1,"5,909 ",51 ,157 ,318 ,514 ,755 ,945 ,"1,133 ","1,323 ","1,522 ","1,762 ","1,993 ","2,201 ","2,396 ","2,576 ","2,880 "
B,B0901,LC1,"2,314 ",38 ,119 ,146 ,218 ,326 ,406 ,484 ,560 ,678 ,753 ,806 ,895 ,968 ,"1,067 ","1,164 "
B,B0902,LC1,"2,931 ",28 ,84 ,159 ,263 ,400 ,487 ,559 ,691 ,813 ,908 ,"1,017 ","1,108 ","1,243 ","1,346 ","1,457 "
B,B1001,LC1,"4,847 ",50 ,164 ,283 ,502 ,705 ,901 ,"1,091 ","1,272 ","1,463 ","1,604 ","1,766 ","1,926 ","2,127 ","2,255 ","2,482 "
B,B1101,LC1,"5,838 ",11 ,23 ,31 ,62 ,93 ,112 ,142 ,"1,571 ","1,780 ","1,957 ","2,129 ","2,309 ","2,487 ","2,677 ","2,863 "
C,C0101,LC1,"6,529 ",58 ,195 ,435 ,685 ,942 ,"1,224 ","1,502 ","1,831 ","2,119 ","2,338 ","2,645 ","2,907 ","3,178 ","3,459 ","3,879 "
C,C0201,LC1,"4,564 ",47 ,168 ,325 ,537 ,740 ,933 ,"1,161 ","1,354 ","1,567 ","1,771 ","1,941 ","2,149 ","2,364 ","2,607 ","2,879 "
C,C0202,LC1,"7,243 ",72 ,227 ,445 ,707 ,"1,006 ","1,296 ","1,579 ","1,910 ","2,254 ","2,497 ","2,797 ","3,069 ","3,343 ","3,670 ","4,163 "
C,C0301,LC1,"5,723 ",74 ,233 ,442 ,693 ,950 ,"1,223 ","1,440 ","1,706 ","1,949 ","2,201 ","2,530 ","2,743 ","3,000 ","3,249 ","3,640 "
C,C0401,LC1,"5,638 ",50 ,199 ,331 ,512 ,682 ,885 ,"1,076 ","1,231 ","1,420 ","1,604 ","1,821 ","2,040 ","2,222 ","2,454 ","2,699 "
C,C0501,LC1,"13,982 ",124 ,450 ,904 ,"1,449 ","1,919 ","2,343 ","2,771 ","3,172 ","3,688 ","4,210 ","4,729 ","5,173 ","5,645 ","6,175 ","6,866 "
C,C0601,LC1,"7,702 ",127 ,254 ,502 ,761 ,968 ,"1,172 ","1,375 ","1,574 ","1,799 ","2,049 ","2,254 ","2,500 ","2,696 ","2,911 ","3,156 "
C,C0701,LC1,"9,968 ",74 ,309 ,611 ,"1,062 ","1,547 ","1,919 ","2,281 ","2,723 ","3,114 ","3,531 ","4,010 ","4,434 ","4,770 ","5,356 ","6,202 "
C,C0801,LC1,"8,076 ",89 ,296 ,528 ,807 ,"1,056 ","1,275 ","1,499 ","1,691 ","1,917 ","2,226 ","2,534 ","2,814 ","3,132 ","3,439 ","3,904 "
C,C0901,LC1,"8,413 ",89 ,277 ,500 ,795 ,"1,158 ","1,461 ","1,778 ","2,055 ","2,416 ","2,774 ","3,103 ","3,434 ","3,754 ","4,160 ","4,811 "
C,C1001,LC1,"10,577 ",122 ,309 ,704 ,968 ,"1,260 ","1,532 ","1,832 ","2,081 ","2,434 ","2,784 ","3,202 ","3,564 ","3,888 ","4,291 ","4,878 "
C,C1101,LC1,"10,670 ",98 ,313 ,597 ,"1,005 ","1,366 ","1,709 ","2,058 ","2,386 ","2,758 ","3,161 ","3,557 ","4,003 ","4,343 ","4,849 ","5,499 "
C,C1201,LC1,"9,252 ",99 ,288 ,514 ,839 ,"1,120 ","1,348 ","1,620 ","1,866 ","2,200 ","2,511 ","2,880 ","3,139 ","3,390 ","3,667 ","4,007 "
C,C1301,LC1,"7,455 ",115 ,367 ,561 ,856 ,"1,095 ","1,271 ","1,520 ","1,720 ","1,955 ","2,205 ","2,431 ","2,682 ","2,874 ","3,093 ","3,296 "
C,C1401,LC1,"11,079 ",7 ,22 ,50 ,70 ,93 ,399 ,"2,194 ","2,529 ","2,900 ","3,254 ","3,585 ","4,028 ","4,397 ","4,733 ","5,136 "
C,C1501,LC1,"6,640 ",86 ,202 ,372 ,616 ,903 ,"1,109 ","1,278 ","1,576 ","1,828 ","2,043 ","2,281 ","2,692 ","2,856 ","3,220 ","3,733 "
C,C1601,LC1,"2,187 ",17 ,55 ,93 ,179 ,281 ,334 ,425 ,492 ,589 ,658 ,742 ,813 ,912 ,"1,007 ","1,109 "
C,C1602,LC1,"4,751 ",48 ,153 ,300 ,494 ,628 ,730 ,843 ,965 ,"1,076 ","1,195 ","1,371 ","1,556 ","1,657 ","1,775 ","1,907 "
C,C1701,LC1,"7,140 ",96 ,237 ,442 ,692 ,966 ,"1,233 ","1,577 ","1,782 ","2,010 ","2,290 ","2,542 ","2,889 ","3,161 ","3,538 ","3,903 "
C,C1801,LC1,"5,834 ",85 ,232 ,374 ,650 ,859 ,"1,042 ","1,234 ","1,419 ","1,576 ","1,767 ","1,979 ","2,242 ","2,415 ","2,657 ","2,884 "
C,C1901,LC1,"7,148 ",104 ,251 ,387 ,694 ,931 ,"1,117 ","1,406 ","1,647 ","1,915 ","2,157 ","2,495 ","2,623 ","2,880 ","3,149 ","3,518 "
C,C2001,LC1,"11,990 ",137 ,357 ,748 ,"1,213 ","1,661 ","2,125 ","2,555 ","3,016 ","3,469 ","3,864 ","4,255 ","4,770 ","5,205 ","5,634 ","6,476 "
C,C2002,LC1,"7,467 ",79 ,232 ,438 ,696 ,892 ,"1,114 ","1,348 ","1,566 ","1,859 ","2,091 ","2,332 ","2,626 ","2,882 ","3,131 ","3,409 "
C,C2101,LC1,"3,213 ",30 ,106 ,165 ,320 ,427 ,545 ,641 ,751 ,872 ,"1,009 ","1,099 ","1,231 ","1,341 ","1,437 ","1,620 "
C,C2201,LC1,"11,511 ",144 ,418 ,791 ,"1,197 ","1,599 ","2,036 ","2,386 ","2,709 ","3,179 ","3,537 ","4,008 ","4,389 ","4,766 ","5,351 ","5,730 "
C,C2301,LC1,"6,789 ",68 ,220 ,320 ,724 ,974 ,"1,215 ","1,513 ","1,792 ","2,091 ","2,391 ","2,670 ","2,935 ","3,142 ","3,366 ","3,640 "
C,C2401,LC1,"5,589 ",84 ,238 ,457 ,713 ,908 ,"1,108 ","1,356 ","1,544 ","1,781 ","1,990 ","2,211 ","2,413 ","2,571 ","2,749 ","2,947 "
C,C2501,LC1,"6,802 ",104 ,263 ,447 ,650 ,898 ,"1,123 ","1,368 ","1,573 ","1,801 ","2,035 ","2,310 ","2,577 ","2,808 ","3,033 ","3,336 "
C,C2701,LC1,"9,168 ",98 ,278 ,568 ,863 ,"1,267 ","1,659 ","1,962 ","2,334 ","2,750 ","3,077 ","3,545 ","3,993 ","4,322 ","4,764 ","5,535 "
C,C2801,LC1,"13,224 ",112 ,418 ,802 ,"1,384 ","1,835 ","2,349 ","2,885 ","3,347 ","3,952 ","4,480 ","4,980 ","5,496 ","5,946 ","6,538 ","7,324 "
C,C2901,LC1,"5,901 ",57 ,161 ,321 ,499 ,674 ,861 ,"1,027 ","1,192 ","1,343 ","1,506 ","1,695 ","1,928 ","2,133 ","2,359 ","2,667 "
C,C2902,LC1,"6,109 ",56 ,229 ,429 ,659 ,839 ,"1,046 ","1,255 ","1,452 ","1,644 ","1,868 ","2,119 ","2,345 ","2,564 ","2,818 ","3,103 "
C,C3001,LC1,"11,781 ",140 ,240 ,694 ,"1,210 ","1,646 ","2,070 ","2,428 ","2,827 ","3,229 ","3,650 ","4,099 ","4,515 ","5,009 ","5,385 ","5,955 "
C,C3101,LC1,"4,487 ",60 ,156 ,298 ,430 ,543 ,662 ,760 ,880 ,"1,000 ","1,151 ","1,276 ","1,450 ","1,568 ","1,722 ","1,899 "
C,C3102,LC1,"3,397 ",39 ,120 ,204 ,339 ,467 ,581 ,684 ,796 ,899 ,"1,047 ","1,156 ","1,295 ","1,413 ","1,551 ","1,685 "
C,C3201,LC1,"7,789 ",98 ,266 ,518 ,743 ,980 ,"1,176 ","1,344 ","1,576 ","1,823 ","2,049 ","2,392 ","2,629 ","2,901 ","3,272 ","3,749 "
C,C3301,LC1,"5,102 ",81 ,236 ,392 ,545 ,693 ,833 ,957 ,"1,088 ","1,236 ","1,397 ","1,574 ","1,760 ","1,928 ","2,086 ","2,262 "
C,C3302,LC1,"6,557 ",84 ,282 ,464 ,754 ,923 ,"1,060 ","1,254 ","1,438 ","1,651 ","1,877 ","2,134 ","2,325 ","2,517 ","2,731 ","2,920 "
C,C3401,LC1,"6,594 ",81 ,217 ,404 ,664 ,914 ,"1,088 ","1,313 ","1,508 ","1,731 ","1,980 ","2,225 ","2,441 ","2,632 ","2,897 ","3,320 "
C,C3501,LC1,"6,751 ",69 ,209 ,406 ,664 ,907 ,"1,131 ","1,404 ","1,635 ","1,913 ","2,139 ","2,376 ","2,617 ","2,904 ","3,195 ","3,587 "
C,C3601,LC1,"8,034 ",103 ,288 ,494 ,787 ,"1,037 ","1,236 ","1,501 ","1,710 ","2,007 ","2,303 ","2,597 ","2,900 ","3,124 ","3,422 ","3,785 "
C,C3701,LC1,"6,379 ",68 ,205 ,344 ,584 ,727 ,921 ,"1,120 ","1,283 ","1,546 ","1,782 ","2,014 ","2,237 ","2,426 ","2,659 ","2,964 "
D,D0101,LC1,"10,227 ",99 ,364 ,630 ,923 ,"1,265 ","1,589 ","1,909 ","2,276 ","2,607 ","2,991 ","3,351 ","3,738 ","4,211 ","4,670 ","5,243 "
D,D0201,LC1,"9,194 ",102 ,390 ,641 ,981 ,"1,234 ","1,450 ","1,655 ","1,845 ","2,132 ","2,421 ","2,723 ","2,992 ","3,291 ","3,576 ","3,974 "
D,D0301,LC1,"4,867 ",137 ,183 ,329 ,481 ,655 ,827 ,997 ,"1,160 ","1,363 ","1,552 ","1,756 ","1,935 ","2,169 ","2,336 ","2,632 "
D,D0302,LC1,"4,358 ",77 ,130 ,225 ,384 ,524 ,666 ,826 ,965 ,"1,130 ","1,286 ","1,437 ","1,621 ","1,825 ","2,067 ","2,307 "
D,D0401,LC1,"8,025 ",81 ,231 ,401 ,627 ,854 ,"1,007 ","1,190 ","1,345 ","1,573 ","1,820 ","2,035 ","2,260 ","2,519 ","2,815 ","3,216 "
D,D0501,LC1,"7,238 ",148 ,369 ,602 ,808 ,999 ,"1,186 ","1,396 ","1,574 ","1,754 ","1,975 ","2,161 ","2,366 ","2,589 ","2,832 ","3,155 "
D,D0601,LC1,"3,242 ",30 ,123 ,218 ,388 ,537 ,690 ,829 ,979 ,"1,134 ","1,271 ","1,406 ","1,552 ","1,736 ","1,957 ","2,198 "
D,D0701,LC1,"10,842 ",99 ,335 ,621 ,"1,126 ","1,621 ","2,097 ","2,539 ","3,045 ","3,574 ","4,094 ","4,602 ","5,031 ","5,547 ","6,201 ","7,080 "
D,D0801,LC1,"11,052 ",140 ,398 ,778 ,"1,067 ","1,446 ","1,769 ","2,041 ","2,337 ","2,678 ","3,074 ","3,473 ","3,810 ","4,201 ","4,616 ","5,159 "
D,D0901,LC1,"8,436 ",1 ,6 ,11 ,16 ,21 ,24 ,31 ,37 ,"1,649 ","1,909 ","2,180 ","2,478 ","2,756 ","3,031 ","3,484 "
D,D1001,LC1,"9,101 ",78 ,258 ,446 ,722 ,947 ,"1,165 ","1,362 ","1,589 ","1,810 ","2,091 ","2,367 ","2,674 ","2,930 ","3,243 ","3,529 "
D,D1101,LC1,"1,500 ",14 ,67 ,111 ,150 ,230 ,280 ,321 ,363 ,411 ,464 ,530 ,595 ,647 ,700 ,760 
D,D1102,LC1,"2,170 ",21 ,57 ,86 ,145 ,226 ,322 ,406 ,491 ,573 ,650 ,788 ,898 ,993 ,"1,108 ","1,219 "
D,D1103,LC1,"1,033 ",10 ,33 ,57 ,102 ,157 ,234 ,291 ,340 ,392 ,432 ,477 ,526 ,561 ,611 ,692 
D,D1201,LC1,883 ,18 ,40 ,63 ,100 ,123 ,141 ,166 ,186 ,210 ,232 ,261 ,303 ,331 ,352 ,382 
D,D1202,LC1,"8,320 ",128 ,395 ,674 ,"1,171 ","1,563 ","1,853 ","2,204 ","2,558 ","2,865 ","3,175 ","3,540 ","3,862 ","4,224 ","4,603 ","5,054 "
D,D1301,LC1,"2,476 ",28 ,69 ,158 ,245 ,350 ,436 ,509 ,566 ,629 ,711 ,782 ,874 ,966 ,"1,081 ","1,178 "
D,D1302,LC1,"7,041 ",95 ,314 ,502 ,705 ,913 ,"1,100 ","1,299 ","1,464 ","1,682 ","1,876 ","2,093 ","2,302 ","2,563 ","2,859 ","3,153 "
D,D1401,LC1,"11,745 ",161 ,520 ,942 ,"1,339 ","1,595 ","1,930 ","2,205 ","2,614 ","2,822 ","3,196 ","3,536 ","3,890 ","4,315 ","4,750 ","5,318 "
D,D1501,LC1,"2,729 ",38 ,95 ,151 ,255 ,333 ,424 ,507 ,593 ,699 ,790 ,900 ,995 ,"1,108 ","1,205 ","1,357 "
D,D1502,LC1,"5,823 ",59 ,176 ,376 ,572 ,705 ,852 ,"1,115 ","1,281 ","1,459 ","1,668 ","1,854 ","2,061 ","2,362 ","2,524 ","2,911 "
D,D1601,LC1,"1,639 ",11 ,44 ,82 ,135 ,204 ,247 ,289 ,362 ,421 ,479 ,536 ,596 ,634 ,679 ,764 
D,D1602,LC1,"1,494 ",14 ,40 ,70 ,112 ,177 ,225 ,259 ,329 ,391 ,425 ,477 ,527 ,597 ,660 ,738 
D,D1701,LC1,"6,469 ",75 ,302 ,450 ,702 ,881 ,"1,105 ","1,300 ","1,470 ","1,617 ","1,820 ","1,996 ","2,227 ","2,449 ","2,711 ","2,991 "
D,D1702,LC1,"1,183 ",19 ,61 ,88 ,147 ,204 ,227 ,259 ,287 ,319 ,356 ,400 ,454 ,497 ,578 ,641 
E,E0101,LC2,"1,844 ",18 ,36 ,68 ,100 ,159 ,200 ,260 ,318 ,370 ,430 ,475 ,528 ,611 ,657 ,724 
E,E0102,LC2,"2,958 ",27 ,67 ,118 ,211 ,333 ,471 ,583 ,683 ,832 ,979 ,"1,124 ","1,249 ","1,376 ","1,503 ","1,723 "
E,E0201,LC2,"7,122 ",85 ,225 ,446 ,707 ,909 ,"1,098 ","1,324 ","1,540 ","1,758 ","1,985 ","2,202 ","2,439 ","2,712 ","2,888 ","3,211 "
E,E0301,LC2,"9,616 ",40 ,187 ,428 ,698 ,957 ,"1,160 ","1,397 ","1,670 ","1,938 ","2,191 ","2,455 ","2,765 ","3,039 ","3,284 ","3,564 "
E,E0401,LC2,"7,551 ",83 ,260 ,457 ,705 ,952 ,"1,206 ","1,430 ","1,640 ","1,912 ","2,147 ","2,430 ","2,709 ","2,965 ","3,199 ","3,486 "
E,E0501,LC2,"9,251 ",75 ,249 ,489 ,841 ,"1,163 ","1,423 ","1,724 ","2,067 ","2,401 ","2,755 ","3,146 ","3,523 ","3,878 ","4,246 ","4,838 "
E,E0601,LC2,"6,103 ",49 ,133 ,259 ,429 ,576 ,743 ,927 ,"1,099 ","1,258 ","1,445 ","1,589 ","1,772 ","1,943 ","2,088 ","2,305 "
E,E0701,LC2,"7,730 ",162 ,356 ,586 ,855 ,"1,155 ","1,398 ","1,637 ","1,886 ","2,185 ","2,479 ","2,745 ","3,043 ","3,399 ","3,696 ","4,167 "
E,E0801,LC2,"4,134 ",37 ,117 ,219 ,359 ,494 ,582 ,697 ,807 ,951 ,"1,081 ","1,228 ","1,376 ","1,507 ","1,663 ","1,850 "
E,E0802,LC2,"3,020 ",20 ,78 ,164 ,303 ,450 ,605 ,727 ,855 ,964 ,"1,087 ","1,207 ","1,361 ","1,494 ","1,629 ","1,805 "
E,E0901,LC2,"11,479 ",111 ,338 ,680 ,"1,095 ","1,481 ","1,581 ","2,296 ","2,646 ","3,096 ","3,479 ","3,906 ","4,347 ","4,753 ","5,178 ","5,589 "
E,E1001,LC2,"2,193 ",23 ,60 ,106 ,199 ,275 ,332 ,384 ,441 ,512 ,571 ,637 ,720 ,789 ,851 ,935 
E,E1101,LC2,"8,520 ",91 ,249 ,439 ,742 ,946 ,"1,156 ","1,418 ","1,656 ","1,891 ","2,130 ","2,363 ","2,651 ","2,942 ","3,146 ","3,493 "
E,E1201,LC2,"4,726 ",56 ,308 ,439 ,499 ,574 ,666 ,789 ,913 ,"1,058 ","1,185 ","1,336 ","1,467 ","1,597 ","1,712 ","1,874 "
E,E1301,LC2,"6,506 ",50 ,183 ,333 ,515 ,746 ,902 ,"1,090 ","1,276 ","1,459 ","1,660 ","1,872 ","2,067 ","2,261 ","2,418 ","2,655 "
E,E1401,LC2,"10,013 ",80 ,265 ,449 ,839 ,"1,253 ","1,553 ","1,848 ","2,152 ","2,549 ","2,822 ","3,085 ","3,397 ","3,684 ","3,918 ","4,218 "
E,E1501,LC2,"5,494 ",37 ,142 ,278 ,460 ,629 ,785 ,933 ,"1,112 ","1,266 ","1,458 ","1,609 ","1,764 ","1,946 ","2,115 ","2,324 "
E,E1502,LC2,"2,388 ",28 ,72 ,116 ,194 ,303 ,381 ,476 ,586 ,670 ,751 ,823 ,889 ,972 ,"1,088 ","1,190 "
E,E1601,LC2,"7,049 ",34 ,104 ,210 ,337 ,516 ,648 ,800 ,"1,020 ","1,193 ","1,364 ","1,508 ","1,665 ","1,831 ","1,972 ","2,166 "
F,F0101,LC2,"4,890 ",55 ,178 ,334 ,500 ,668 ,801 ,923 ,"1,073 ","1,263 ","1,446 ","1,603 ","1,764 ","1,926 ","2,075 ","2,283 "
F,F0201,LC2,"6,135 ",58 ,177 ,293 ,477 ,642 ,856 ,"1,073 ","1,283 ","1,493 ","1,708 ","1,912 ","2,137 ","2,362 ","2,640 ","3,060 "
F,F0301,LC2,"9,478 ",91 ,341 ,596 ,916 ,"1,184 ","1,440 ","1,719 ","1,939 ","2,198 ","2,537 ","2,863 ","3,167 ","3,464 ","3,745 ","4,121 "
F,F0401,LC2,"6,563 ",93 ,281 ,449 ,738 ,956 ,"1,121 ","1,303 ","1,463 ","1,684 ","1,916 ","2,164 ","2,362 ","2,572 ","2,766 ","2,966 "
F,F0501,LC2,"6,451 ",69 ,199 ,333 ,502 ,671 ,826 ,"1,012 ","1,212 ","1,364 ","1,561 ","1,804 ","2,008 ","2,203 ","2,371 ","2,607 "
F,F0601,LC2,"7,098 ",87 ,269 ,473 ,709 ,890 ,"1,118 ","1,323 ","1,508 ","1,723 ","1,967 ","2,199 ","2,449 ","2,657 ","2,870 ","3,113 "
F,F0701,LC2,"6,044 ",44 ,192 ,369 ,546 ,692 ,821 ,954 ,"1,121 ","1,299 ","1,521 ","1,709 ","1,898 ","2,116 ","2,249 ","2,650 "
F,F0801,LC2,"7,681 ",141 ,415 ,611 ,858 ,"1,063 ","1,231 ","1,417 ","1,590 ","1,799 ","2,051 ","2,287 ","2,543 ","2,863 ","3,239 ","3,616 "
F,F0901,LC2,"9,577 ",152 ,467 ,770 ,"1,184 ","1,460 ","1,861 ","2,167 ","2,459 ","2,828 ","3,197 ","3,512 ","3,866 ","4,243 ","4,564 ","4,861 "
F,F1001,LC2,"10,577 ",229 ,544 ,874 ,"1,254 ","1,567 ","1,835 ","2,157 ","2,415 ","2,757 ","3,133 ","3,535 ","3,898 ","4,219 ","4,564 ","5,037 "
F,F1101,LC2,"7,721 ",119 ,316 ,527 ,769 ,"1,030 ","1,288 ","1,550 ","1,777 ","2,026 ","2,307 ","2,609 ","3,033 ","3,319 ","3,675 ","4,262 "
F,F1201,LC2,"7,679 ",74 ,235 ,490 ,832 ,"1,154 ","1,392 ","1,638 ","1,889 ","2,226 ","2,549 ","2,906 ","3,231 ","3,559 ","3,929 ","4,388 "
F,F1301,LC2,"7,214 ",85 ,256 ,498 ,853 ,"1,127 ","1,440 ","1,747 ","2,017 ","2,305 ","2,575 ","2,881 ","3,103 ","3,371 ","3,680 ","3,970 "
F,F1401,LC2,"7,823 ",84 ,251 ,443 ,809 ,"1,232 ","1,486 ","1,816 ","2,124 ","2,404 ","2,737 ","2,961 ","3,177 ","3,432 ","3,761 ","4,171 "
F,F1501,LC2,"5,797 ",40 ,177 ,333 ,621 ,884 ,"1,120 ","1,397 ","1,641 ","1,903 ","2,115 ","2,371 ","2,619 ","2,855 ","3,120 ","3,457 "
F,F1601,LC2,"10,042 ",164 ,514 ,906 ,"1,215 ","1,536 ","1,727 ","1,985 ","2,207 ","2,463 ","2,798 ","3,110 ","3,403 ","3,738 ","4,020 ","4,459 "
F,F1701,LC2,"9,438 ",92 ,320 ,667 ,"1,029 ","1,338 ","1,637 ","1,917 ","2,193 ","2,493 ","2,783 ","3,105 ","3,443 ","3,743 ","4,058 ","4,505 "
F,F1801,LC2,"6,229 ",76 ,262 ,517 ,695 ,869 ,"1,028 ","1,200 ","1,342 ","1,520 ","1,730 ","1,948 ","2,159 ","2,343 ","2,616 ","2,841 "
F,F1901,LC2,"5,071 ",24 ,64 ,115 ,184 ,260 ,303 ,355 ,416 ,481 ,535 ,720 ,"1,994 ","2,161 ","2,409 ","2,711 "
F,F2001,LC2,"11,211 ",79 ,340 ,662 ,"1,060 ","1,388 ","1,700 ","1,969 ","2,210 ","2,535 ","2,847 ","3,248 ","3,615 ","4,002 ","4,382 ","4,925 "
F,F2101,LC2,"6,105 ",53 ,241 ,410 ,614 ,763 ,886 ,"1,065 ","1,249 ","1,441 ","1,616 ","1,817 ","2,015 ","2,242 ","2,455 ","2,698 "
F,F2102,LC2,"4,271 ",64 ,175 ,278 ,448 ,582 ,679 ,839 ,949 ,"1,115 ","1,252 ","1,413 ","1,601 ","1,768 ","1,961 ","2,179 "
G,G0101,LC2,"5,200 ",50 ,153 ,320 ,485 ,673 ,815 ,973 ,"1,144 ","1,290 ","1,490 ","1,658 ","1,844 ","1,980 ","2,185 ","2,494 "
G,G0201,LC2,"8,254 ",97 ,254 ,564 ,709 ,973 ,"1,220 ","1,468 ","1,735 ","1,989 ","2,224 ","2,465 ","2,764 ","3,088 ","3,376 ","3,823 "
G,G0301,LC2,"5,813 ",79 ,246 ,411 ,679 ,901 ,"1,069 ","1,253 ","1,384 ","1,570 ","1,774 ","1,983 ","2,171 ","2,367 ","2,575 ","2,773 "
G,G0401,LC2,"9,668 ",215 ,423 ,714 ,"1,145 ","1,416 ","1,649 ","1,957 ","2,194 ","2,532 ","2,897 ","3,237 ","3,569 ","3,891 ","4,259 ","4,629 "
G,G0501,LC2,"10,048 ",202 ,302 ,741 ,"1,211 ","1,562 ","1,846 ","2,145 ","2,454 ","2,738 ","3,133 ","3,417 ","3,788 ","4,149 ","4,527 ","5,007 "
G,G0601,LC2,"5,555 ",13 ,49 ,81 ,123 ,180 ,219 ,261 ,313 ,"1,426 ","1,597 ","1,775 ","1,989 ","2,188 ","2,380 ","2,718 "
G,G0602,LC2,"3,286 ",41 ,143 ,274 ,390 ,541 ,644 ,706 ,794 ,935 ,"1,039 ","1,192 ","1,311 ","1,431 ","1,540 ","1,698 "
G,G0701,LC2,"4,406 ",24 ,96 ,213 ,337 ,493 ,620 ,706 ,834 ,946 ,"1,110 ","1,270 ","1,429 ","1,595 ","1,764 ","1,986 "
G,G0801,LC2,"5,159 ",35 ,130 ,261 ,396 ,575 ,698 ,863 ,"1,035 ","1,183 ","1,348 ","1,564 ","1,744 ","1,917 ","2,239 ","2,495 "
G,G0901,LC2,"5,996 ",32 ,102 ,239 ,392 ,628 ,863 ,"1,001 ","1,258 ","1,481 ","1,694 ","1,895 ","2,112 ","2,259 ","2,494 ","2,761 "
G,G0902,LC2,907 ,10 ,30 ,49 ,75 ,110 ,150 ,174 ,200 ,232 ,255 ,279 ,315 ,352 ,390 ,442 
G,G1001,LC2,"6,935 ",70 ,227 ,462 ,688 ,888 ,"1,032 ","1,229 ","1,412 ","1,598 ","1,816 ","1,983 ","2,208 ","2,400 ","2,609 ","2,828 "
G,G1101,LC2,"10,849 ",123 ,377 ,689 ,"1,021 ","1,335 ","1,572 ","1,893 ","2,238 ","2,557 ","2,876 ","3,212 ","3,552 ","3,978 ","4,352 ","4,833 "
G,G1201,LC2,"7,614 ",122 ,347 ,645 ,877 ,"1,112 ","1,293 ","1,481 ","1,646 ","1,893 ","2,169 ","2,509 ","2,731 ","3,011 ","3,354 ","3,726 "
G,G1301,LC2,"5,309 ",87 ,222 ,415 ,596 ,713 ,846 ,967 ,"1,100 ","1,238 ","1,428 ","1,614 ","1,777 ","1,932 ","2,075 ","2,209 "
G,G1401,LC2,"6,760 ",1 ,51 ,216 ,606 ,757 ,907 ,"1,058 ","1,263 ","1,450 ","1,690 ","1,911 ","2,147 ","2,340 ","2,593 ","2,839 "
G,G1501,LC2,"3,924 ",19 ,46 ,72 ,108 ,140 ,176 ,211 ,263 ,"1,115 ","1,282 ","1,446 ","1,592 ","1,772 ","1,974 ","2,227 "
G,G1601,LC2,"6,781 ",79 ,234 ,438 ,670 ,933 ,"1,182 ","1,494 ","1,810 ","2,106 ","2,360 ","2,620 ","2,899 ","3,179 ","3,606 ","4,026 "
G,G1701,LC2,"7,507 ",59 ,201 ,394 ,656 ,959 ,"1,202 ","1,525 ","1,782 ","2,132 ","2,423 ","2,697 ","2,977 ","3,280 ","3,608 ","4,082 "
G,G1801,LC2,"9,253 ",72 ,290 ,601 ,982 ,"1,308 ","1,572 ","1,856 ","2,137 ","2,457 ","2,792 ","3,091 ","3,392 ","3,711 ","3,932 ","4,375 "
G,G1901,LC2,"5,653 ",77 ,186 ,356 ,520 ,718 ,883 ,981 ,"1,150 ","1,317 ","1,467 ","1,661 ","1,848 ","2,040 ","2,218 ","2,457 "
G,G2001,LC2,"6,518 ",93 ,291 ,550 ,801 ,"1,035 ","1,214 ","1,455 ","1,642 ","1,887 ","2,128 ","2,382 ","2,624 ","2,848 ","3,046 ","3,339 "
G,G2101,LC2,"7,446 ",186 ,326 ,562 ,806 ,990 ,"1,133 ","1,284 ","1,476 ","1,696 ","1,981 ","2,260 ","2,499 ","2,725 ","3,070 ","3,423 "
G,G2201,LC2,"10,702 ",133 ,400 ,701 ,"1,031 ","1,500 ","1,811 ","2,147 ","2,411 ","2,795 ","3,202 ","3,631 ","4,030 ","4,455 ","4,946 ","5,578 "
H,H0101,LC3,"12,100 ",115 ,345 ,658 ,"1,025 ","1,327 ","1,607 ","1,907 ","2,252 ","2,568 ","2,949 ","3,299 ","3,661 ","3,979 ","4,358 ","4,696 "
H,H0201,LC3,"10,973 ",97 ,349 ,604 ,920 ,"1,243 ","1,459 ","1,698 ","1,698 ","1,985 ","2,627 ","2,935 ","3,271 ","3,548 ","3,914 ","4,367 "
H,H0301,LC3,"6,466 ",52 ,177 ,402 ,619 ,778 ,932 ,"1,076 ","1,223 ","1,409 ","1,604 ","1,771 ","1,896 ","2,049 ","2,245 ","2,446 "
H,H0401,LC3,"6,046 ",67 ,177 ,298 ,442 ,740 ,795 ,"1,070 ","1,098 ","1,341 ","1,405 ","1,582 ","1,885 ","1,962 ","2,244 ","2,473 "
H,H0501,LC3,"13,575 ",1 ,21 ,41 ,53 ,68 ,87 ,517 ,"2,766 ","3,202 ","3,628 ","4,085 ","4,449 ","4,861 ","5,301 ","5,846 "
H,H0601,LC3,"8,510 ",47 ,197 ,408 ,758 ,"1,029 ","1,282 ","1,551 ","1,803 ","2,049 ","2,295 ","2,556 ","2,819 ","3,157 ","3,451 ","3,787 "
H,H0701,LC3,"4,924 ",71 ,163 ,328 ,508 ,677 ,787 ,930 ,"1,046 ","1,195 ","1,325 ","1,472 ","1,618 ","1,774 ","1,913 ","2,079 "
H,H0702,LC3,"5,088 ",54 ,142 ,255 ,410 ,542 ,690 ,841 ,960 ,"1,164 ","1,331 ","1,490 ","1,681 ","1,874 ","2,049 ","2,295 "
H,H0801,LC3,"8,846 ",120 ,339 ,641 ,915 ,"1,092 ","1,270 ","1,500 ","1,705 ","1,955 ","2,224 ","2,547 ","2,751 ","2,991 ","3,234 ","3,454 "
H,H0901,LC3,"4,645 ",86 ,231 ,330 ,469 ,597 ,692 ,787 ,902 ,998 ,"1,144 ","1,282 ","1,400 ","1,525 ","1,692 ","1,823 "
H,H1001,LC3,"12,930 ",164 ,459 ,783 ,"1,222 ","1,577 ","1,809 ","2,107 ","2,373 ","2,766 ","3,122 ","3,565 ","3,935 ","4,287 ","4,690 ","5,134 "
H,H1201,LC3,"5,717 ",98 ,264 ,412 ,622 ,803 ,999 ,"1,205 ","1,370 ","1,579 ","1,764 ","1,946 ","2,146 ","2,316 ","2,541 ","2,767 "
H,H1202,LC3,"12,134 ",183 ,521 ,882 ,"1,302 ","1,643 ","2,051 ","2,377 ","2,667 ","3,006 ","3,425 ","3,829 ","4,227 ","4,571 ","5,023 ","5,651 "
H,H1301,LC3,"5,060 ",57 ,169 ,318 ,505 ,670 ,807 ,957 ,"1,085 ","1,215 ","1,369 ","1,511 ","1,647 ","1,805 ","1,957 ","2,147 "
H,H1302,LC3,"7,081 ",77 ,241 ,399 ,627 ,821 ,998 ,"1,182 ","1,359 ","1,529 ","1,688 ","1,903 ","2,152 ","2,348 ","2,605 ","2,888 "
H,H1401,LC3,"5,303 ",90 ,222 ,390 ,565 ,715 ,840 ,943 ,"1,064 ","1,203 ","1,372 ","1,539 ","1,676 ","1,809 ","1,912 ","2,061 "
H,H1402,LC3,"4,297 ",41 ,120 ,216 ,307 ,417 ,509 ,595 ,697 ,848 ,958 ,"1,086 ","1,221 ","1,366 ","1,540 ","1,728 "
H,H1501,LC3,"11,598 ",118 ,362 ,679 ,"1,064 ","1,376 ","1,676 ","1,932 ","2,247 ","2,636 ","3,029 ","3,412 ","3,744 ","4,094 ","4,463 ","4,932 "
H,H1601,LC3,"10,978 ",0 ,4 ,9 ,15 ,21 ,27 ,"1,725 ","1,985 ","2,255 ","2,543 ","2,876 ","3,193 ","3,560 ","3,963 ","4,409 "
H,H1701,LC3,"9,753 ",6 ,15 ,28 ,40 ,56 ,66 ,"1,877 ","2,122 ","2,440 ","2,779 ","3,099 ","3,423 ","3,723 ","4,164 ","4,639 "
H,H1801,LC3,"9,460 ",1 ,7 ,11 ,16 ,17 ,18 ,"1,865 ","2,110 ","2,430 ","2,711 ","3,060 ","3,385 ","3,690 ","4,093 ","4,461 "
H,H1901,LC3,"10,164 ",6 ,10 ,24 ,31 ,40 ,49 ,"1,838 ","2,123 ","2,399 ","2,773 ","3,143 ","3,493 ","3,847 ","4,282 ","4,661 "
H,H2001,LC3,"12,321 ",211 ,590 ,"1,133 ","1,554 ","2,009 ","2,453 ","2,866 ","3,226 ","3,587 ","3,924 ","4,337 ","4,694 ","5,138 ","5,591 ","6,271 "
H,H2101,LC3,"7,423 ",71 ,254 ,463 ,681 ,922 ,"1,071 ","1,283 ","1,473 ","1,661 ","1,661 ","2,037 ","2,269 ","2,495 ","2,755 ","3,017 "
H,H2201,LC3,"7,784 ",67 ,211 ,411 ,647 ,847 ,"1,010 ","1,213 ","1,369 ","1,574 ","1,807 ","1,993 ","2,189 ","2,410 ","2,656 ","2,867 "
H,H2301,LC3,"7,116 ",90 ,240 ,423 ,639 ,813 ,968 ,"1,139 ","1,334 ","1,510 ","1,739 ","1,964 ","2,179 ","2,372 ","2,646 ","2,956 "
H,H2401,LC3,"4,954 ",75 ,185 ,349 ,513 ,702 ,848 ,992 ,"1,181 ","1,333 ","1,483 ","1,651 ","1,888 ","2,055 ","2,239 ","2,530 "
H,H2402,LC3,"4,104 ",66 ,174 ,308 ,435 ,584 ,685 ,779 ,868 ,990 ,"1,108 ","1,246 ","1,364 ","1,499 ","1,611 ","1,730 "
H,H2501,LC3,"7,714 ",64 ,258 ,475 ,748 ,989 ,"1,164 ","1,408 ","1,592 ","1,834 ","2,046 ","2,305 ","2,545 ","2,812 ","3,056 ","3,346 "
J,J0101,LC3,"1,819 ",20 ,49 ,115 ,178 ,216 ,268 ,308 ,339 ,384 ,437 ,494 ,569 ,636 ,706 ,776 
J,J0102,LC3,"3,206 ",39 ,114 ,196 ,305 ,390 ,513 ,583 ,660 ,792 ,889 ,991 ,"1,080 ","1,176 ","1,272 ","1,362 "
J,J0201,LC3,"6,227 ",64 ,201 ,382 ,633 ,845 ,"1,043 ","1,292 ","1,518 ","1,751 ","1,971 ","2,170 ","2,379 ","2,581 ","2,872 ","3,143 "
J,J0301,LC3,"7,559 ",135 ,445 ,816 ,"1,120 ","1,338 ","1,559 ","1,778 ","1,984 ","2,212 ","2,460 ","2,722 ","2,981 ","3,223 ","3,476 ","3,642 "
J,J0401,LC3,"9,687 ",86 ,326 ,681 ,964 ,"1,262 ","1,531 ","1,779 ","2,057 ","2,402 ","2,727 ","3,068 ","3,363 ","3,717 ","4,190 ","4,756 "
J,J0501,LC3,"8,825 ",133 ,563 ,921 ,"1,260 ","1,572 ","1,856 ","2,108 ","2,331 ","2,625 ","2,863 ","3,219 ","3,500 ","3,807 ","4,110 ","4,408 "
J,J0601,LC3,"2,347 ",34 ,86 ,115 ,222 ,285 ,355 ,447 ,518 ,579 ,654 ,721 ,795 ,887 ,952 ,"1,074 "
J,J0602,LC3,"4,468 ",0 ,192 ,315 ,480 ,580 ,703 ,819 ,910 ,"1,057 ","1,173 ","1,305 ","1,429 ","1,561 ","1,696 ","1,870 "
J,J0603,LC3,"2,374 ",21 ,71 ,151 ,252 ,334 ,410 ,467 ,542 ,616 ,693 ,771 ,830 ,909 ,995 ,"1,067 "
J,J0701,LC3,"13,051 ",135 ,565 ,"1,122 ","1,514 ","1,847 ","2,084 ","2,365 ","2,659 ","2,989 ","3,360 ","3,767 ","4,139 ","4,574 ","5,054 ","5,487 "
J,J0801,LC3,"8,080 ",81 ,310 ,516 ,792 ,"1,069 ","1,279 ","1,500 ","1,722 ","1,985 ","2,251 ","2,459 ","2,680 ","2,956 ","3,183 ","3,592 "
J,J0802,LC3,"4,764 ",44 ,97 ,215 ,330 ,458 ,564 ,694 ,796 ,935 ,"1,081 ","1,204 ","1,334 ","1,521 ","1,684 ","1,896 "
J,J0901,LC3,"4,512 ",29 ,121 ,242 ,401 ,513 ,609 ,722 ,818 ,948 ,"1,081 ","1,208 ","1,355 ","1,481 ","1,620 ","1,812 "
J,J1001,LC3,"10,834 ",102 ,468 ,852 ,"1,306 ","1,677 ","2,028 ","2,342 ","2,633 ","2,993 ","3,353 ","3,775 ","4,140 ","4,531 ","4,975 ","5,677 "
J,J1101,LC3,"10,204 ",179 ,605 ,"1,032 ","1,314 ","1,594 ","1,849 ","2,117 ","2,363 ","2,685 ","3,003 ","3,360 ","3,648 ","3,971 ","4,277 ","4,639 "
J,J1201,LC3,"6,302 ",84 ,282 ,493 ,733 ,948 ,"1,163 ","1,359 ","1,540 ","1,725 ","1,944 ","2,144 ","2,398 ","2,641 ","2,864 ","3,182 "
J,J1202,LC3,"4,969 ",67 ,187 ,298 ,511 ,654 ,861 ,"1,000 ","1,144 ","1,310 ","1,478 ","1,667 ","1,821 ","2,011 ","2,245 ","2,523 "
J,J1301,LC3,"9,765 ",152 ,420 ,762 ,"1,095 ","1,312 ","1,609 ","1,835 ","2,058 ","2,316 ","2,628 ","2,908 ","3,127 ","3,517 ","3,849 ","4,179 "
J,J1401,LC3,"11,182 ",104 ,392 ,746 ,"1,088 ","1,372 ","1,598 ","1,863 ","2,103 ","2,401 ","2,711 ","3,071 ","3,432 ","3,713 ","4,045 ","4,438 "
J,J1501,LC3,"7,257 ",96 ,273 ,511 ,736 ,954 ,"1,172 ","1,420 ","1,624 ","1,871 ","2,163 ","2,373 ","2,588 ","2,782 ","3,013 ","3,321 "
J,J1601,LC3,"8,522 ",144 ,400 ,705 ,951 ,"1,156 ","1,388 ","1,616 ","1,746 ","2,124 ","2,378 ","2,580 ","2,811 ","3,039 ","3,305 ","3,567 "
J,J1602,LC3,"4,650 ",61 ,187 ,345 ,511 ,655 ,773 ,898 ,"1,012 ","1,171 ","1,332 ","1,477 ","1,623 ","1,753 ","1,930 ","2,114 "
J,J1701,LC3,"10,591 ",156 ,429 ,791 ,"1,105 ","1,383 ","1,643 ","1,870 ","2,152 ","2,453 ","2,813 ","3,088 ","3,398 ","3,652 ","3,980 ","4,438 "
J,J1801,LC3,"8,612 ",46 ,215 ,447 ,670 ,877 ,"1,197 ","1,443 ","1,705 ","1,994 ","2,253 ","2,541 ","2,809 ","3,066 ","3,378 ","3,900 "
J,J1901,LC3,"5,935 ",3 ,9 ,15 ,24 ,29 ,38 ,48 ,60 ,"1,435 ","1,612 ","1,807 ","1,985 ","2,175 ","2,470 ","2,751 "
J,J1902,LC3,"5,095 ",86 ,246 ,426 ,635 ,807 ,913 ,"1,053 ","1,184 ","1,332 ","1,497 ","1,652 ","1,869 ","2,058 ","2,258 ","2,449 "
J,J2001,LC3,"4,223 ",38 ,115 ,209 ,297 ,391 ,481 ,563 ,651 ,762 ,875 ,"1,055 ","1,217 ","1,417 ","1,572 ","1,784 "
J,J2101,LC3,"8,465 ",88 ,269 ,544 ,833 ,"1,094 ","1,291 ","1,523 ","1,765 ","2,039 ","2,320 ","2,593 ","2,881 ","3,118 ","3,485 ","3,819 "
J,J2102,LC3,858 ,17 ,44 ,72 ,108 ,136 ,159 ,193 ,205 ,230 ,253 ,277 ,297 ,316 ,329 ,360 
J,J2201,LC3,"10,889 ",97 ,297 ,600 ,"1,039 ","1,500 ","1,876 ","2,315 ","2,783 ","3,209 ","3,583 ","3,906 ","4,409 ","4,854 ","5,392 ","6,175 "
J,J2301,LC3,"7,560 ",48 ,175 ,403 ,701 ,980 ,"1,232 ","1,505 ","1,838 ","2,122 ","2,414 ","2,698 ","2,928 ","3,231 ","3,614 ","4,023 "
J,J2401,LC3,"8,725 ",101 ,361 ,685 ,"1,018 ","1,249 ","1,426 ","1,635 ","1,842 ","2,069 ","2,321 ","2,606 ","2,852 ","3,136 ","3,382 ","3,734 "
J,J2501,LC3,"6,118 ",88 ,248 ,442 ,657 ,797 ,953 ,"1,094 ","1,244 ","1,429 ","1,566 ","1,745 ","1,913 ","2,094 ","2,263 ","2,472 "
J,J2601,LC3,"10,336 ",72 ,287 ,567 ,866 ,"1,126 ","1,356 ","1,576 ","1,796 ","2,039 ","2,358 ","2,719 ","3,004 ","3,225 ","3,570 ","3,993 "
J,J2701,LC3,"7,358 ",127 ,350 ,579 ,889 ,"1,118 ","1,313 ","1,547 ","1,745 ","1,933 ","2,166 ","2,396 ","2,648 ","2,870 ","3,140 ","3,373 "
J,J2801,LC3,"8,329 ",109 ,326 ,686 ,983 ,"1,160 ","1,385 ","1,571 ","1,730 ","1,948 ","2,220 ","2,478 ","2,723 ","2,957 ","3,201 ","3,540 "
J,J2901,LC3,"7,559 ",96 ,285 ,512 ,695 ,874 ,"1,010 ","1,203 ","1,433 ","1,626 ","1,827 ","2,027 ","2,252 ","2,507 ","2,794 ","3,113 "
J,J3001,LC3,"9,316 ",145 ,387 ,644 ,934 ,"1,168 ","1,380 ","1,576 ","1,722 ","1,925 ","2,182 ","2,465 ","2,764 ","3,069 ","3,373 ","3,665 "
J,J3101,LC3,"3,320 ",56 ,172 ,305 ,435 ,506 ,605 ,675 ,767 ,878 ,988 ,"1,115 ","1,218 ","1,310 ","1,406 ","1,509 "
J,J3102,LC3,"4,420 ",42 ,142 ,322 ,458 ,578 ,690 ,818 ,922 ,"1,038 ","1,183 ","1,264 ","1,413 ","1,534 ","1,630 ","1,760 "
J,J3201,LC3,"9,172 ",78 ,256 ,532 ,767 ,"1,076 ","1,378 ","1,660 ","1,948 ","2,263 ","2,517 ","2,857 ","3,149 ","3,409 ","3,740 ","4,192 "
J,J3301,LC3,"8,786 ",88 ,271 ,540 ,793 ,"1,015 ","1,225 ","1,464 ","1,638 ","1,923 ","2,181 ","2,468 ","2,728 ","2,971 ","3,257 ","3,618 "
J,J3401,LC3,"7,314 ",3 ,315 ,570 ,858 ,"1,040 ","1,221 ","1,455 ","1,649 ","1,883 ","2,114 ","2,335 ","2,539 ","2,793 ","3,038 ","3,282 "
K,K0101,LC4,"8,464 ",46 ,209 ,470 ,742 ,"1,008 ","1,231 ","1,450 ","1,668 ","1,886 ","2,145 ","2,386 ","2,661 ","2,920 ","3,191 ","3,553 "
K,K0201,LC4,"4,911 ",82 ,230 ,429 ,621 ,765 ,928 ,"1,066 ","1,264 ","1,459 ","1,641 ","1,828 ","1,966 ","2,118 ","2,297 ","2,517 "
K,K0301,LC4,"8,852 ",51 ,209 ,406 ,651 ,932 ,"1,239 ","1,507 ","1,807 ","2,087 ","2,389 ","2,671 ","3,017 ","3,356 ","3,833 ","4,598 "
K,K0401,LC4,"7,651 ",102 ,291 ,563 ,845 ,"1,124 ","1,329 ","1,550 ","1,730 ","1,988 ","2,257 ","2,442 ","2,696 ","2,884 ","3,161 ","3,395 "
K,K0501,LC4,"7,675 ",146 ,350 ,584 ,907 ,"1,139 ","1,348 ","1,576 ","1,809 ","2,031 ","2,294 ","2,520 ","2,733 ","2,983 ","3,218 ","3,449 "
K,K0601,LC4,"7,717 ",94 ,263 ,505 ,791 ,"1,089 ","1,413 ","1,776 ","2,066 ","2,370 ","2,642 ","2,890 ","3,165 ","3,423 ","3,777 ","4,176 "
K,K0701,LC4,"6,267 ",61 ,193 ,389 ,546 ,675 ,835 ,"1,008 ","1,175 ","1,362 ","1,564 ","1,729 ","1,928 ","2,122 ","2,360 ","2,620 "
K,K0801,LC4,"7,902 ",74 ,198 ,403 ,638 ,835 ,"1,062 ","1,274 ","1,501 ","1,724 ","1,968 ","2,217 ","2,449 ","2,771 ","3,107 ","3,503 "
K,K0802,LC4,"1,346 ",17 ,40 ,75 ,127 ,175 ,222 ,259 ,289 ,331 ,362 ,412 ,455 ,500 ,555 ,613 
K,K0901,LC4,"8,952 ",25 ,255 ,452 ,754 ,"1,027 ","1,296 ","1,639 ","1,949 ","2,249 ","2,569 ","2,790 ","3,123 ","3,434 ","3,833 ","4,387 "
K,K0902,LC4,832 ,1 ,8 ,28 ,53 ,68 ,100 ,119 ,135 ,166 ,191 ,205 ,227 ,262 ,291 ,322 
K,K1001,LC4,"7,341 ",83 ,202 ,499 ,773 ,"1,029 ","1,249 ","1,498 ","1,743 ","1,985 ","2,253 ","2,558 ","2,717 ","2,993 ","3,379 ","3,843 "
K,K1101,LC4,"3,968 ",56 ,122 ,219 ,335 ,481 ,580 ,807 ,938 ,"1,054 ","1,192 ","1,316 ","1,450 ","1,605 ","1,831 ","2,154 "
K,K1102,LC4,"3,753 ",33 ,106 ,181 ,300 ,420 ,486 ,577 ,680 ,793 ,892 ,997 ,"1,114 ","1,237 ","1,384 ","1,613 "
K,K1201,LC4,"7,329 ",71 ,180 ,335 ,597 ,820 ,"1,069 ","1,316 ","1,552 ","1,810 ","2,047 ","2,261 ","2,479 ","2,704 ","3,036 ","3,496 "
K,K1202,LC4,833 ,8 ,34 ,59 ,95 ,118 ,140 ,178 ,201 ,222 ,245 ,271 ,303 ,325 ,349 ,392 
K,K1301,LC4,"7,511 ",113 ,308 ,485 ,701 ,939 ,"1,222 ","1,506 ","1,781 ","2,052 ","2,337 ","2,604 ","2,869 ","3,128 ","3,446 ","3,900 "
K,K1401,LC4,"7,300 ",50 ,356 ,588 ,798 ,"1,029 ","1,203 ","1,421 ","1,596 ","1,831 ","2,054 ","2,243 ","2,478 ","2,727 ","3,007 ","3,346 "
K,K1402,LC4,"1,109 ",15 ,37 ,55 ,82 ,125 ,152 ,170 ,200 ,227 ,272 ,304 ,350 ,377 ,422 ,455 
K,K1501,LC4,"7,978 ",91 ,283 ,570 ,876 ,"1,115 ","1,323 ","1,534 ","1,686 ","1,927 ","2,178 ","2,418 ","2,692 ","2,909 ","3,217 ","3,577 "
K,K1601,LC4,"8,134 ",140 ,379 ,736 ,"1,081 ","1,301 ","1,476 ","1,735 ","1,955 ","2,237 ","2,459 ","2,677 ","2,885 ","3,126 ","3,390 ","3,645 "
K,K1701,LC4,"4,238 ",60 ,189 ,350 ,523 ,656 ,745 ,829 ,927 ,"1,035 ","1,146 ","1,283 ","1,423 ","1,571 ","1,716 ","1,885 "
K,K1702,LC4,"3,616 ",67 ,165 ,289 ,397 ,480 ,562 ,662 ,749 ,848 ,952 ,"1,043 ","1,149 ","1,250 ","1,380 ","1,507 "
L,L0101,LC4,"5,890 ",48 ,118 ,254 ,433 ,582 ,753 ,924 ,"1,060 ","1,228 ","1,420 ","1,551 ","1,709 ","1,870 ","2,052 ","2,311 "
L,L0102,LC4,"1,547 ",19 ,38 ,83 ,118 ,151 ,187 ,222 ,262 ,308 ,354 ,393 ,441 ,496 ,535 ,579 
L,L0201,LC4,"7,031 ",60 ,182 ,404 ,669 ,933 ,"1,126 ","1,325 ","1,516 ","1,720 ","1,941 ","2,170 ","2,401 ","2,651 ","2,910 ","3,267 "
L,L0202,LC4,"3,318 ",29 ,98 ,199 ,318 ,395 ,458 ,523 ,589 ,681 ,776 ,880 ,984 ,"1,080 ","1,209 ","1,356 "
L,L0301,LC4,"5,456 ",41 ,128 ,237 ,367 ,544 ,665 ,795 ,908 ,"1,073 ","1,248 ","1,412 ","1,617 ","1,759 ","2,010 ","2,350 "
L,L0401,LC4,"7,398 ",94 ,237 ,451 ,657 ,859 ,"1,033 ","1,234 ","1,407 ","1,618 ","1,799 ","1,983 ","2,212 ","2,403 ","2,629 ","2,859 "
L,L0402,LC4,"3,035 ",29 ,85 ,141 ,231 ,298 ,376 ,447 ,528 ,640 ,768 ,862 ,959 ,"1,043 ","1,202 ","1,350 "
L,L0501,LC4,"11,790 ",97 ,353 ,565 ,873 ,"1,120 ","1,330 ","1,632 ","1,918 ","2,224 ","2,483 ","2,838 ","3,185 ","3,552 ","3,952 ","4,514 "
L,L0601,LC4,"2,706 ",15 ,63 ,122 ,185 ,248 ,297 ,347 ,419 ,473 ,539 ,618 ,720 ,777 ,864 ,971 
L,L0602,LC4,"6,131 ",55 ,161 ,271 ,451 ,591 ,725 ,886 ,"1,054 ","1,208 ","1,374 ","1,518 ","1,725 ","1,879 ","2,126 ","2,500 "
L,L0701,LC4,"7,786 ",55 ,193 ,447 ,676 ,931 ,"1,182 ","1,416 ","1,617 ","1,866 ","2,128 ","2,350 ","2,582 ","2,846 ","3,150 ","3,586 "
L,L0801,LC4,"7,017 ",48 ,173 ,353 ,545 ,712 ,900 ,"1,056 ","1,197 ","1,382 ","1,564 ","1,745 ","1,923 ","2,118 ","2,337 ","2,581 "
L,L0901,LC4,"5,924 ",65 ,222 ,408 ,628 ,806 ,960 ,"1,098 ","1,286 ","1,457 ","1,613 ","1,771 ","1,968 ","2,142 ","2,328 ","2,533 "
L,L0902,LC4,"5,806 ",1 ,3 ,6 ,7 ,9 ,14 ,19 ,22 ,"1,032 ","1,180 ","1,324 ","1,476 ","1,634 ","1,799 ","2,092 "
L,L1001,LC4,"9,711 ",168 ,430 ,720 ,"1,002 ","1,242 ","1,432 ","1,717 ","1,928 ","2,212 ","2,461 ","2,723 ","3,020 ","3,285 ","3,676 ","4,016 "
L,L1101,LC4,"2,254 ",2 ,64 ,95 ,150 ,181 ,243 ,290 ,342 ,412 ,486 ,553 ,636 ,711 ,793 ,893 
L,L1102,LC4,"4,105 ",26 ,93 ,150 ,279 ,347 ,449 ,531 ,620 ,707 ,781 ,876 ,953 ,"1,082 ","1,199 ","1,388 "
L,L1201,LC4,"5,414 ",43 ,178 ,329 ,498 ,644 ,833 ,975 ,"1,144 ","1,292 ","1,429 ","1,579 ","1,744 ","1,899 ","2,123 ","2,354 "
L,L1202,LC4,"1,573 ",15 ,52 ,78 ,136 ,182 ,214 ,263 ,298 ,343 ,391 ,438 ,488 ,550 ,623 ,687 
L,L1301,LC4,"1,807 ",18 ,52 ,81 ,153 ,221 ,297 ,354 ,410 ,494 ,563 ,616 ,690 ,749 ,825 ,949 
L,L1302,LC4,"2,115 ",28 ,59 ,96 ,137 ,209 ,265 ,314 ,357 ,426 ,473 ,510 ,595 ,678 ,777 ,914 
L,L1303,LC4,"5,483 ",57 ,130 ,249 ,408 ,578 ,728 ,843 ,"1,006 ","1,163 ","1,363 ","1,502 ","1,697 ","1,879 ","2,116 ","2,425 "
L,L1401,LC4,"7,670 ",35 ,160 ,311 ,516 ,763 ,959 ,"1,197 ","1,425 ","1,676 ","1,893 ","2,106 ","2,355 ","2,605 ","2,844 ","3,263 "
L,L1501,LC4,"7,359 ",75 ,210 ,370 ,612 ,797 ,"1,002 ","1,208 ","1,404 ","1,581 ","1,791 ","2,017 ","2,243 ","2,526 ","2,797 ","3,289 "
L,L1601,LC4,"8,844 ",45 ,204 ,402 ,634 ,864 ,"1,078 ","1,309 ","1,531 ","1,762 ","2,004 ","2,291 ","2,567 ","2,865 ","3,216 ","3,779 "
L,L1701,LC4,"9,073 ",75 ,213 ,423 ,607 ,818 ,974 ,"1,150 ","1,320 ","1,519 ","1,731 ","1,924 ","2,143 ","2,373 ","2,686 ","3,002 "
L,L1801,LC4,"3,695 ",31 ,98 ,189 ,298 ,386 ,503 ,591 ,679 ,790 ,910 ,"1,036 ","1,144 ","1,280 ","1,444 ","1,595 "
L,L1802,LC4,"6,443 ",68 ,270 ,467 ,642 ,847 ,"1,009 ","1,126 ","1,260 ","1,466 ","1,621 ","1,814 ","2,000 ","2,177 ","2,369 ","2,587 "
L,L1901,LC4,"3,665 ",11 ,17 ,26 ,43 ,54 ,64 ,74 ,83 ,962 ,"1,092 ","1,217 ","1,349 ","1,444 ","1,590 ","1,760 "
L,L1902,LC4,481 ,1 ,9 ,21 ,36 ,67 ,87 ,103 ,107 ,131 ,153 ,168 ,188 ,202 ,227 ,241 
L,L2001,LC4,"9,885 ",106 ,249 ,491 ,804 ,996 ,"1,232 ","1,539 ","1,749 ","2,015 ","2,266 ","2,605 ","2,904 ","3,252 ","3,636 ","4,125 "
L,L2002,LC4,800 ,4 ,24 ,48 ,76 ,105 ,133 ,151 ,165 ,192 ,207 ,238 ,262 ,272 ,303 ,341 
L,L2101,LC4,"9,024 ",98 ,199 ,380 ,627 ,824 ,"1,019 ","1,211 ","1,417 ","1,658 ","1,894 ","2,157 ","2,389 ","2,658 ","2,985 ","3,498 "
L,L2201,LC4,"9,154 ",97 ,266 ,441 ,676 ,845 ,"1,055 ","1,246 ","1,485 ","1,758 ","2,029 ","2,275 ","2,556 ","2,817 ","3,095 ","3,534 "
L,L2301,LC4,"10,513 ",105 ,276 ,452 ,706 ,949 ,"1,143 ","1,390 ","1,620 ","1,885 ","2,184 ","2,455 ","2,747 ","3,064 ","3,439 ","3,923 "
L,L2401,LC4,"4,532 ",113 ,239 ,385 ,544 ,639 ,731 ,822 ,906 ,"1,020 ","1,108 ","1,191 ","1,281 ","1,381 ","1,469 ","1,539 "
L,L2402,LC4,"1,656 ",7 ,23 ,43 ,103 ,172 ,202 ,254 ,283 ,321 ,366 ,418 ,452 ,485 ,532 ,588 
L,L2501,LC4,"9,623 ",133 ,332 ,563 ,854 ,"1,133 ","1,401 ","1,660 ","1,908 ","2,227 ","2,477 ","2,787 ","3,101 ","3,364 ","3,758 ","4,169 "
L,L2601,LC4,"8,371 ",83 ,240 ,430 ,628 ,809 ,"1,032 ","1,271 ","1,486 ","1,723 ","1,940 ","2,142 ","2,367 ","2,646 ","3,006 ","3,442 "
L,L2701,LC4,"5,702 ",100 ,216 ,407 ,570 ,761 ,954 ,"1,122 ","1,318 ","1,489 ","1,661 ","1,849 ","2,049 ","2,258 ","2,480 ","2,789 "
L,L2702,LC4,"2,049 ",17 ,56 ,111 ,181 ,238 ,301 ,377 ,440 ,509 ,561 ,618 ,687 ,737 ,817 ,953 
L,L2801,LC4,"9,970 ",88 ,269 ,376 ,705 ,937 ,"1,130 ","1,401 ","1,642 ","1,882 ","2,178 ","2,458 ","2,762 ","3,076 ","3,483 ","4,052 "
L,L2901,LC4,"2,278 ",17 ,82 ,134 ,188 ,232 ,290 ,344 ,405 ,464 ,521 ,577 ,627 ,692 ,761 ,851 
L,L2902,LC4,"2,505 ",29 ,59 ,137 ,235 ,296 ,359 ,409 ,468 ,531 ,590 ,640 ,720 ,797 ,908 ,996 
L,L2903,LC4,"2,723 ",42 ,97 ,196 ,266 ,328 ,401 ,498 ,572 ,634 ,697 ,786 ,875 ,954 ,"1,027 ","1,174 "
M,M0101,LC4,"9,661 ",82 ,194 ,417 ,683 ,881 ,"1,088 ","1,410 ","1,659 ","1,924 ","2,163 ","2,392 ","2,666 ","3,001 ","3,372 ","3,844 "
M,M0201,LC4,"10,226 ",83 ,243 ,592 ,849 ,"1,149 ","1,388 ","1,648 ","1,977 ","2,262 ","2,559 ","2,804 ","3,136 ","3,437 ","3,768 ","4,164 "
M,M0301,LC4,"7,850 ",65 ,197 ,363 ,560 ,742 ,890 ,"1,045 ","1,257 ","1,438 ","1,666 ","1,878 ","2,140 ","2,469 ","2,826 ","3,250 "
M,M0401,LC4,"7,493 ",48 ,156 ,345 ,566 ,733 ,854 ,"1,081 ","1,208 ","1,368 ","1,561 ","1,799 ","2,048 ","2,301 ","2,624 ","3,003 "
M,M0501,LC4,"5,838 ",51 ,129 ,242 ,387 ,551 ,714 ,878 ,"1,031 ","1,191 ","1,339 ","1,507 ","1,679 ","1,896 ","2,056 ","2,279 "
M,M0601,LC4,"5,728 ",53 ,144 ,256 ,419 ,619 ,770 ,929 ,"1,075 ","1,256 ","1,415 ","1,579 ","1,765 ","1,947 ","2,179 ","2,471 "
M,M0701,LC4,"1,019 ",5 ,14 ,34 ,59 ,81 ,97 ,117 ,135 ,155 ,175 ,187 ,219 ,251 ,281 ,327 
M,M0702,LC4,"7,055 ",59 ,147 ,256 ,407 ,674 ,836 ,997 ,"1,201 ","1,394 ","1,582 ","1,813 ","1,992 ","2,244 ","2,550 ","2,895 "
M,M0703,LC4,"6,629 ",37 ,149 ,292 ,495 ,660 ,939 ,997 ,"1,178 ","1,369 ","1,523 ","1,686 ","1,879 ","2,084 ","2,338 ","2,639 "
M,M0801,LC4,"6,143 ",43 ,114 ,216 ,339 ,467 ,571 ,677 ,770 ,895 ,"1,017 ","1,160 ","1,345 ","1,561 ","1,746 ","2,006 "
M,M0802,LC4,"3,843 ",22 ,68 ,130 ,221 ,316 ,385 ,460 ,519 ,614 ,713 ,791 ,923 ,"1,026 ","1,175 ","1,358 "
M,M0901,LC4,"4,676 ",44 ,136 ,275 ,380 ,463 ,586 ,716 ,804 ,937 ,"1,047 ","1,162 ","1,313 ","1,449 ","1,595 ","1,751 "
M,M0902,LC4,"3,427 ",21 ,69 ,161 ,264 ,345 ,462 ,541 ,615 ,711 ,813 ,927 ,"1,029 ","1,165 ","1,282 ","1,477 "
M,M1001,LC4,"3,064 ",14 ,60 ,114 ,177 ,252 ,350 ,413 ,499 ,576 ,652 ,756 ,839 ,923 ,"1,018 ","1,172 "
M,M1002,LC4,"1,251 ",6 ,21 ,48 ,92 ,132 ,151 ,183 ,206 ,235 ,288 ,335 ,391 ,429 ,454 ,500 
M,M1003,LC4,"2,772 ",21 ,45 ,78 ,149 ,221 ,304 ,372 ,410 ,489 ,552 ,624 ,715 ,801 ,911 ,"1,011 "
M,M1101,LC4,"1,209 ",6 ,25 ,33 ,71 ,99 ,111 ,152 ,178 ,197 ,219 ,247 ,291 ,322 ,351 ,408 
M,M1102,LC4,"2,740 ",30 ,83 ,129 ,233 ,276 ,335 ,425 ,472 ,537 ,615 ,685 ,791 ,904 ,"1,018 ","1,134 "
M,M1103,LC4,"2,886 ",16 ,69 ,132 ,183 ,230 ,289 ,358 ,418 ,489 ,561 ,615 ,711 ,829 ,940 ,"1,079 "
M,M1201,LC4,"11,001 ",120 ,304 ,507 ,830 ,"1,151 ","1,437 ","1,767 ","2,045 ","2,361 ","2,698 ","3,029 ","3,398 ","3,755 ","4,237 ","4,770 "
M,M1301,LC4,"10,314 ",44 ,221 ,529 ,837 ,"1,074 ","1,332 ","1,554 ","1,808 ","2,110 ","2,415 ","2,748 ","3,076 ","3,424 ","3,792 ","4,484 "
M,M1401,LC4,"10,929 ",141 ,341 ,583 ,801 ,"1,095 ","1,285 ","1,512 ","1,749 ","1,997 ","2,267 ","2,557 ","2,897 ","3,196 ","3,552 ","4,179 "
M,M1501,LC4,"8,963 ",66 ,213 ,409 ,649 ,911 ,"1,163 ","1,393 ","1,605 ","1,909 ","2,151 ","2,436 ","2,703 ","3,008 ","3,304 ","3,777 "
M,M1601,LC4,"6,625 ",89 ,226 ,392 ,555 ,728 ,893 ,"1,046 ","1,179 ","1,338 ","1,477 ","1,646 ","1,804 ","2,045 ","2,249 ","2,551 "
M,M1701,LC4,"6,936 ",4 ,10 ,14 ,548 ,759 ,918 ,"1,092 ","1,269 ","1,460 ","1,643 ","1,821 ","2,064 ","2,320 ","2,558 ","2,848 "
M,M1801,LC4,"4,911 ",48 ,163 ,317 ,465 ,601 ,721 ,836 ,960 ,"1,086 ","1,220 ","1,359 ","1,497 ","1,663 ","1,898 ","2,116 "
M,M1901,LC4,"8,223 ",42 ,168 ,325 ,536 ,745 ,901 ,"1,053 ","1,216 ","1,454 ","1,659 ","1,892 ","2,209 ","2,558 ","2,960 ","3,533 "
M,M2001,LC4,"11,052 ",131 ,281 ,526 ,824 ,"1,146 ","1,391 ","1,635 ","1,884 ","2,163 ","2,487 ","2,815 ","3,234 ","3,670 ","4,191 ","4,857 "
M,M2101,LC4,"8,729 ",95 ,266 ,440 ,735 ,985 ,"1,246 ","1,459 ","1,820 ","2,031 ","2,257 ","2,529 ","2,769 ","3,061 ","3,402 ","3,922 "
M,M2201,LC4,"5,370 ",79 ,173 ,290 ,472 ,658 ,839 ,"1,011 ","1,164 ","1,364 ","1,530 ","1,759 ","1,949 ","2,127 ","2,347 ","2,619 "
M,M2301,LC4,"11,534 ",96 ,305 ,514 ,831 ,"1,066 ","1,345 ","1,614 ","1,902 ","2,213 ","2,525 ","2,857 ","3,211 ","3,570 ","3,992 ","4,492 "
M,M2401,LC4,"6,791 ",60 ,167 ,267 ,465 ,626 ,748 ,906 ,"1,065 ","1,244 ","1,396 ","1,604 ","1,789 ","2,004 ","2,266 ","2,626 "
M,M2402,LC4,"5,934 ",115 ,293 ,430 ,586 ,783 ,915 ,"1,051 ","1,195 ","1,354 ","1,491 ","1,627 ","1,789 ","1,990 ","2,214 ","2,471 "
M,M2501,LC4,"7,367 ",72 ,177 ,347 ,511 ,707 ,906 ,"1,109 ","1,310 ","1,516 ","1,695 ","1,914 ","2,089 ","2,328 ","2,643 ","3,309 "
M,M2601,LC4,"2,633 ",12 ,42 ,151 ,237 ,299 ,323 ,345 ,372 ,411 ,447 ,497 ,559 ,606 ,670 ,711 
M,M2602,LC4,"4,515 ",34 ,152 ,262 ,380 ,504 ,590 ,696 ,821 ,924 ,"1,035 ","1,125 ","1,251 ","1,353 ","1,495 ","1,637 "
M,M2701,LC4,"5,327 ",27 ,107 ,198 ,319 ,415 ,482 ,560 ,653 ,763 ,878 ,992 ,"1,140 ","1,291 ","1,486 ","1,632 "
M,M2801,LC4,"4,308 ",38 ,112 ,202 ,312 ,430 ,492 ,597 ,714 ,858 ,944 ,"1,110 ","1,228 ","1,310 ","1,469 ","1,615 "
M,M2901,LC4,"7,618 ",72 ,222 ,382 ,557 ,752 ,915 ,"1,078 ","1,258 ","1,455 ","1,663 ","1,885 ","2,083 ","2,290 ","2,507 ","2,814 "
N,N0101,LC5,"6,072 ",50 ,117 ,268 ,442 ,620 ,764 ,946 ,"1,097 ","1,264 ","1,406 ","1,526 ","1,698 ","1,892 ","2,075 ","2,382 "
N,N0201,LC5,"1,763 ",12 ,34 ,53 ,98 ,144 ,188 ,224 ,261 ,322 ,367 ,404 ,466 ,510 ,561 ,634 
N,N0202,LC5,"2,648 ",18 ,59 ,125 ,223 ,296 ,365 ,453 ,518 ,633 ,723 ,823 ,894 ,"1,005 ","1,120 ","1,292 "
N,N0301,LC5,"11,460 ",93 ,308 ,639 ,923 ,"1,255 ","1,512 ","1,836 ","2,077 ","2,417 ","2,709 ","3,069 ","3,424 ","3,771 ","4,178 ","4,659 "
N,N0401,LC5,"13,202 ",74 ,343 ,652 ,"1,119 ","1,555 ","1,989 ","2,454 ","2,859 ","3,331 ","3,733 ","4,177 ","4,599 ","5,090 ","5,666 ","6,533 "
N,N0501,LC5,"10,373 ",120 ,279 ,474 ,780 ,"1,060 ","1,301 ","1,564 ","1,819 ","2,111 ","2,429 ","2,752 ","3,057 ","3,393 ","3,818 ","4,365 "
N,N0601,LC5,"4,734 ",0 ,9 ,14 ,25 ,32 ,43 ,50 ,60 ,69 ,"1,350 ","1,528 ","1,720 ","1,902 ","2,112 ","2,338 "
N,N0602,LC5,"6,487 ",100 ,234 ,376 ,567 ,811 ,997 ,"1,221 ","1,382 ","1,604 ","1,798 ","1,989 ","2,243 ","2,467 ","2,779 ","3,141 "
N,N0701,LC5,"8,858 ",134 ,314 ,549 ,776 ,"1,078 ","1,290 ","1,544 ","1,780 ","2,043 ","2,351 ","2,647 ","2,933 ","3,254 ","3,569 ","4,179 "
N,N0801,LC5,"2,644 ",28 ,93 ,175 ,302 ,382 ,458 ,502 ,556 ,631 ,687 ,760 ,838 ,903 ,977 ,"1,046 "
N,N0802,LC5,"1,433 ",12 ,56 ,95 ,137 ,182 ,212 ,239 ,262 ,301 ,328 ,351 ,383 ,398 ,426 ,472 
N,N0803,LC5,"2,922 ",34 ,76 ,192 ,294 ,380 ,454 ,538 ,618 ,699 ,763 ,834 ,909 ,984 ,"1,067 ","1,169 "
N,N0804,LC5,"2,092 ",19 ,59 ,129 ,179 ,249 ,298 ,351 ,409 ,465 ,545 ,644 ,735 ,805 ,901 ,"1,120 "
N,N0901,LC5,"6,882 ",52 ,125 ,276 ,429 ,582 ,794 ,941 ,"1,105 ","1,307 ","1,498 ","1,698 ","1,902 ","2,141 ","2,377 ","2,717 "
N,N0902,LC5,"2,973 ",43 ,105 ,179 ,280 ,363 ,429 ,524 ,590 ,679 ,759 ,843 ,936 ,"1,055 ","1,164 ","1,312 "
N,N1001,LC5,"8,392 ",136 ,339 ,553 ,772 ,"1,011 ","1,181 ","1,374 ","1,581 ","1,782 ","2,056 ","2,254 ","2,456 ","2,710 ","2,891 ","3,304 "
N,N1002,LC5,"3,639 ",51 ,113 ,196 ,297 ,403 ,511 ,622 ,711 ,816 ,925 ,"1,035 ","1,140 ","1,272 ","1,397 ","1,650 "
N,N1101,LC5,"5,963 ",35 ,102 ,182 ,291 ,461 ,620 ,749 ,880 ,"1,055 ","1,203 ","1,352 ","1,495 ","1,657 ","1,821 ","2,132 "
N,N1102,LC5,"4,836 ",38 ,126 ,276 ,408 ,592 ,718 ,843 ,934 ,"1,061 ","1,202 ","1,379 ","1,558 ","1,732 ","1,943 ","2,242 "
N,N1301,LC5,"8,166 ",69 ,180 ,337 ,606 ,801 ,"1,015 ","1,216 ","1,452 ","1,644 ","1,854 ","2,095 ","2,314 ","2,532 ","2,848 ","3,206 "
N,N1401,LC5,"1,466 ",10 ,27 ,39 ,77 ,101 ,137 ,159 ,174 ,195 ,209 ,233 ,268 ,289 ,309 ,350 
N,N1402,LC5,994 ,10 ,31 ,55 ,105 ,130 ,151 ,173 ,191 ,210 ,217 ,225 ,244 ,251 ,261 ,284 
N,N1403,LC5,134 ,0 ,20 ,25 ,34 ,34 ,37 ,40 ,42 ,47 ,50 ,52 ,52 ,53 ,53 ,53 
N,N1404,LC5,"4,108 ",28 ,132 ,298 ,563 ,734 ,857 ,973 ,"1,068 ","1,158 ","1,235 ","1,382 ","1,543 ","1,698 ","1,756 ","1,870 "
N,N1405,LC5,81 ,0 ,6 ,8 ,11 ,13 ,13 ,19 ,20 ,24 ,27 ,28 ,29 ,32 ,34 ,34 
N,N1406,LC5,"1,376 ",11 ,48 ,66 ,114 ,138 ,185 ,203 ,220 ,249 ,269 ,313 ,343 ,372 ,401 ,442 
N,N1501,LC5,"10,520 ",70 ,205 ,354 ,626 ,853 ,"1,100 ","1,350 ","1,556 ","1,800 ","2,034 ","2,293 ","2,589 ","2,926 ","3,289 ","3,803 "
N,N1601,LC5,"1,281 ",1 ,40 ,67 ,105 ,143 ,172 ,188 ,208 ,234 ,263 ,292 ,305 ,329 ,356 ,379 
N,N1602,LC5,"1,634 ",13 ,32 ,58 ,110 ,139 ,166 ,198 ,234 ,258 ,291 ,332 ,383 ,398 ,434 ,495 
N,N1603,LC5,"2,366 ",24 ,58 ,84 ,138 ,171 ,207 ,252 ,281 ,318 ,366 ,410 ,452 ,499 ,526 ,590 
N,N1604,LC5,"1,883 ",23 ,41 ,73 ,128 ,159 ,199 ,223 ,246 ,291 ,341 ,406 ,439 ,469 ,517 ,549 
N,N1605,LC5,491 ,1 ,15 ,28 ,56 ,78 ,90 ,102 ,109 ,117 ,132 ,140 ,156 ,168 ,182 ,204 
N,N1606,LC5,"5,762 ",36 ,117 ,234 ,436 ,631 ,870 ,"1,140 ","1,248 ","1,357 ","1,523 ","1,731 ","1,907 ","2,063 ","2,306 ","2,570 "
P,P0101,LC5,"7,418 ",91 ,200 ,428 ,627 ,850 ,"1,075 ","1,326 ","1,546 ","1,802 ","2,061 ","2,246 ","2,457 ","2,747 ","3,019 ","3,329 "
P,P0201,LC5,"6,287 ",64 ,191 ,351 ,609 ,830 ,"1,088 ","1,314 ","1,549 ","1,763 ","2,004 ","2,192 ","2,418 ","2,677 ","2,944 ","3,250 "
P,P0301,LC5,"3,054 ",66 ,95 ,165 ,271 ,385 ,471 ,580 ,671 ,769 ,873 ,981 ,"1,067 ","1,181 ","1,356 ","1,500 "
P,P0302,LC5,"5,422 ",57 ,173 ,275 ,446 ,569 ,691 ,810 ,941 ,"1,070 ","1,206 ","1,358 ","1,538 ","1,705 ","1,896 ","2,174 "
P,P0401,LC5,"9,358 ",76 ,233 ,468 ,690 ,912 ,"1,118 ","1,346 ","1,562 ","1,824 ","2,106 ","2,368 ","2,646 ","2,915 ","3,202 ","3,543 "
P,P0501,LC5,"10,104 ",2 ,5 ,8 ,13 ,17 ,21 ,28 ,36 ,40 ,"2,048 ","2,363 ","2,658 ","2,945 ","3,349 ","3,930 "
P,P0601,LC5,"11,552 ",3 ,166 ,465 ,793 ,"1,085 ","1,368 ","1,684 ","1,949 ","2,296 ","2,651 ","3,020 ","3,476 ","3,907 ","4,459 ","5,162 "
P,P0701,LC5,"9,744 ",138 ,306 ,581 ,903 ,"1,205 ","1,486 ","1,730 ","2,001 ","2,285 ","2,616 ","2,913 ","3,243 ","3,507 ","3,915 ","4,431 "
P,P0801,LC5,"8,428 ",64 ,215 ,437 ,664 ,876 ,"1,056 ","1,219 ","1,428 ","1,666 ","1,924 ","2,178 ","2,450 ","2,733 ","3,063 ","3,482 "
P,P0802,LC5,"3,130 ",30 ,76 ,183 ,275 ,386 ,499 ,576 ,677 ,773 ,889 ,"1,020 ","1,114 ","1,231 ","1,369 ","1,503 "
P,P0901,LC5,"8,678 ",124 ,344 ,637 ,898 ,"1,103 ","1,326 ","1,566 ","1,804 ","2,095 ","2,334 ","2,640 ","2,896 ","3,222 ","3,542 ","3,972 "
P,P1001,LC5,"8,430 ",88 ,243 ,458 ,670 ,986 ,"1,232 ","1,503 ","1,767 ","2,038 ","2,301 ","2,591 ","2,837 ","3,143 ","3,482 ","3,914 "
P,P1002,LC5,"1,274 ",21 ,47 ,66 ,127 ,171 ,205 ,267 ,293 ,337 ,388 ,433 ,479 ,514 ,563 ,600 
P,P1101,LC5,"10,337 ",108 ,308 ,477 ,733 ,"1,000 ","1,221 ","1,476 ","1,720 ","2,017 ","2,293 ","2,604 ","2,895 ","3,317 ","3,715 ","4,228 "
P,P1201,LC5,"1,656 ",23 ,52 ,84 ,142 ,187 ,217 ,259 ,295 ,338 ,401 ,457 ,508 ,573 ,659 ,728 
P,P1301,LC5,368 ,5 ,10 ,25 ,47 ,50 ,62 ,79 ,96 ,114 ,126 ,131 ,146 ,160 ,176 ,191 
P,P1302,LC5,"4,332 ",39 ,117 ,168 ,273 ,367 ,486 ,578 ,681 ,778 ,900 ,"1,023 ","1,150 ","1,234 ","1,376 ","1,540 "
P,P1303,LC5,"1,121 ",12 ,25 ,52 ,84 ,103 ,131 ,160 ,184 ,216 ,250 ,296 ,337 ,387 ,441 ,499 
P,P1401,LC5,"9,714 ",91 ,240 ,408 ,641 ,861 ,"1,072 ","1,301 ","1,533 ","1,797 ","2,077 ","2,358 ","2,668 ","2,938 ","3,375 ","3,908 "
P,P1501,LC5,"10,416 ",65 ,190 ,328 ,547 ,712 ,897 ,"1,113 ","1,306 ","1,532 ","1,781 ","2,046 ","2,351 ","2,688 ","3,102 ","3,586 "
P,P1601,LC5,"6,556 ",65 ,183 ,340 ,621 ,814 ,"1,017 ","1,289 ","1,488 ","1,695 ","1,927 ","2,058 ","2,464 ","2,685 ","2,968 ","3,286 "
P,P1701,LC5,"3,248 ",27 ,83 ,171 ,261 ,363 ,453 ,527 ,611 ,714 ,849 ,984 ,"1,102 ","1,208 ","1,393 ","1,593 "
P,P1702,LC5,"1,291 ",9 ,35 ,62 ,113 ,140 ,157 ,180 ,212 ,250 ,286 ,343 ,380 ,413 ,439 ,476 
P,P1703,LC5,"1,482 ",26 ,48 ,83 ,133 ,183 ,233 ,279 ,331 ,388 ,445 ,491 ,569 ,631 ,683 ,763 
P,P1801,LC5,"1,948 ",21 ,63 ,109 ,178 ,225 ,253 ,309 ,337 ,386 ,441 ,500 ,552 ,621 ,689 ,778 
P,P1802,LC5,"4,002 ",35 ,122 ,226 ,330 ,447 ,518 ,596 ,729 ,826 ,912 ,"1,033 ","1,145 ","1,280 ","1,413 ","1,618 "
P,P1901,LC5,"4,055 ",31 ,96 ,190 ,320 ,431 ,523 ,668 ,773 ,870 ,986 ,"1,124 ","1,293 ","1,431 ","1,581 ","1,775 "
P,P1902,LC5,108 ,2 ,3 ,3 ,6 ,9 ,13 ,13 ,16 ,21 ,24 ,27 ,31 ,35 ,36 ,39 
P,P1903,LC5,347 ,9 ,37 ,64 ,70 ,88 ,89 ,91 ,91 ,91 ,107 ,118 ,122 ,126 ,126 ,126 
Q,Q0101,LC5,"9,915 ",137 ,311 ,572 ,963 ,"1,267 ","1,536 ","1,807 ","1,980 ","2,175 ","2,417 ","2,633 ","2,831 ","3,063 ","3,357 ","3,648 "
Q,Q0102,LC5,"1,902 ",17 ,37 ,66 ,100 ,121 ,160 ,184 ,209 ,235 ,287 ,339 ,386 ,427 ,477 ,539 
Q,Q0201,LC5,"4,426 ",6 ,10 ,110 ,295 ,393 ,516 ,643 ,728 ,823 ,918 ,"1,045 ","1,165 ","1,307 ","1,436 ","1,643 "
Q,Q0401,LC5,"9,137 ",75 ,259 ,482 ,730 ,972 ,"1,224 ","1,481 ","1,717 ","1,995 ","2,271 ","2,527 ","2,788 ","3,047 ","3,350 ","3,807 "
Q,Q0501,LC5,"4,016 ",6 ,16 ,24 ,42 ,56 ,72 ,80 ,92 ,824 ,948 ,"1,061 ","1,138 ","1,221 ","1,346 ","1,485 "
Q,Q0601,LC5,"5,448 ",46 ,149 ,239 ,431 ,586 ,739 ,863 ,"1,004 ","1,132 ","1,311 ","1,486 ","1,666 ","1,881 ","2,148 ","2,507 "
Q,Q0602,LC5,"2,270 ",18 ,67 ,112 ,175 ,243 ,317 ,413 ,509 ,583 ,671 ,774 ,866 ,972 ,"1,106 ","1,289 "
Q,Q0701,LC5,"7,468 ",67 ,187 ,257 ,575 ,"1,039 ","1,371 ","1,719 ","2,010 ","2,373 ","2,631 ","2,977 ","3,127 ","3,598 ","3,981 ","4,538 "
Q,Q0801,LC5,"7,266 ",63 ,162 ,319 ,537 ,686 ,840 ,"1,005 ","1,157 ","1,374 ","1,583 ","1,790 ","2,025 ","2,300 ","2,581 ","2,947 "
Q,Q0901,LC5,"5,758 ",29 ,142 ,236 ,405 ,511 ,640 ,773 ,953 ,"1,083 ","1,265 ","1,428 ","1,604 ","1,916 ","2,134 ","2,398 "
Q,Q1001,LC5,"7,909 ",56 ,152 ,252 ,402 ,759 ,957 ,"1,263 ","1,518 ","1,783 ","2,039 ","2,319 ","2,601 ","2,844 ","3,150 ","3,664 "
Q,Q1101,LC5,"10,006 ",96 ,216 ,434 ,634 ,"1,053 ","1,474 ","1,940 ","2,139 ","2,451 ","2,871 ","3,237 ","3,574 ","3,984 ","4,292 ","4,925 "
Q,Q1201,LC5,"11,262 ",86 ,287 ,588 ,"1,000 ","1,590 ","2,049 ","2,386 ","2,724 ","3,188 ","3,598 ","4,055 ","4,423 ","4,859 ","5,379 ","5,950 "
Q,Q1301,LC5,"1,960 ",2 ,2 ,4 ,5 ,7 ,8 ,8 ,11 ,480 ,547 ,603 ,651 ,714 ,788 ,868 
Q,Q1302,LC5,"4,156 ",45 ,129 ,213 ,315 ,432 ,506 ,611 ,706 ,808 ,915 ,"1,048 ","1,178 ","1,305 ","1,475 ","1,633 "
Q,Q1303,LC5,"4,495 ",37 ,110 ,222 ,347 ,447 ,603 ,755 ,937 ,"1,122 ","1,257 ","1,425 ","1,592 ","1,753 ","1,991 ","2,325 "
Q,Q1401,LC5,"10,588 ",85 ,228 ,442 ,765 ,984 ,"1,178 ","1,418 ","1,672 ","1,971 ","2,253 ","2,574 ","2,807 ","3,272 ","3,645 ","4,161 "
Q,Q1501,LC5,"11,059 ",82 ,236 ,438 ,670 ,945 ,"1,190 ","1,445 ","1,675 ","1,950 ","2,240 ","2,529 ","2,866 ","3,158 ","3,545 ","4,079 "
Q,Q1601,LC5,"11,115 ",130 ,337 ,526 ,790 ,"1,221 ","1,565 ","1,950 ","2,265 ","2,656 ","3,047 ","3,391 ","3,731 ","4,091 ","4,480 ","5,004 "
Q,Q1701,LC5,"8,412 ",74 ,243 ,343 ,691 ,"1,227 ","1,493 ","1,859 ","2,158 ","2,456 ","2,734 ","2,930 ","3,225 ","3,546 ","3,960 ","4,520 "
Q,Q1801,LC5,"11,319 ",137 ,392 ,645 ,937 ,"1,204 ","1,428 ","1,666 ","1,960 ","2,258 ","2,637 ","3,009 ","3,385 ","3,719 ","4,193 ","4,628 "
Q,Q1901,LC5,"7,994 ",78 ,264 ,540 ,729 ,945 ,"1,160 ","1,366 ","1,564 ","1,801 ","2,061 ","2,276 ","2,517 ","2,785 ","3,151 ","3,563 "
Q,Q2001,LC5,"6,908 ",60 ,207 ,433 ,686 ,891 ,"1,138 ","1,325 ","1,556 ","1,778 ","1,956 ","2,181 ","2,398 ","2,648 ","2,872 ","3,146 "
Q,Q2101,LC5,"10,077 ",136 ,344 ,577 ,884 ,"1,197 ","1,518 ","1,838 ","2,084 ","2,413 ","2,732 ","3,048 ","3,353 ","3,705 ","4,121 ","4,596 "
Q,Q2201,LC5,"9,079 ",102 ,280 ,499 ,705 ,870 ,"1,050 ","1,208 ","1,371 ","1,580 ","1,803 ","2,052 ","2,275 ","2,549 ","2,881 ","3,298 "
Q,Q2301,LC5,"10,095 ",115 ,312 ,553 ,818 ,"1,035 ","1,341 ","1,587 ","1,851 ","2,132 ","2,475 ","2,730 ","3,087 ","3,420 ","3,822 ","4,301 "
R,R0101,LC5,"7,178 ",46 ,167 ,359 ,612 ,884 ,"1,149 ","1,349 ","1,636 ","1,866 ","2,108 ","2,340 ","2,511 ","2,748 ","3,049 ","3,393 "
R,R0102,LC5,"1,151 ",11 ,44 ,87 ,131 ,164 ,216 ,269 ,303 ,339 ,374 ,432 ,473 ,515 ,581 ,694 
R,R0103,LC5,"1,331 ",23 ,60 ,99 ,143 ,197 ,228 ,267 ,315 ,371 ,415 ,477 ,510 ,573 ,673 ,747 
R,R0201,LC5,"6,026 ",63 ,171 ,340 ,524 ,697 ,840 ,981 ,"1,098 ","1,251 ","1,424 ","1,597 ","1,780 ","1,962 ","2,145 ","2,344 "
R,R0301,LC5,"12,110 ",93 ,293 ,564 ,893 ,"1,208 ","1,481 ","1,786 ","2,039 ","2,388 ","2,731 ","3,077 ","3,382 ","3,661 ","3,994 ","4,481 "
R,R0401,LC5,"8,032 ",104 ,232 ,589 ,923 ,"1,221 ","1,574 ","1,888 ","2,132 ","2,429 ","2,755 ","3,059 ","3,367 ","3,682 ","4,070 ","4,570 "
R,R0501,LC5,"8,012 ",95 ,247 ,421 ,698 ,967 ,"1,233 ","1,458 ","1,704 ","1,935 ","2,095 ","2,494 ","2,796 ","3,084 ","3,435 ","3,949 "
R,R0601,LC5,"4,334 ",44 ,162 ,249 ,400 ,559 ,682 ,815 ,913 ,"1,017 ","1,126 ","1,300 ","1,443 ","1,598 ","1,778 ","2,014 "
R,R0602,LC5,"3,483 ",51 ,146 ,243 ,375 ,520 ,640 ,761 ,889 ,"1,025 ","1,128 ","1,312 ","1,453 ","1,577 ","1,775 ","1,935 "
R,R0701,LC5,"9,495 ",106 ,353 ,535 ,876 ,"1,117 ","1,281 ","1,511 ","1,728 ","1,955 ","2,185 ","2,441 ","2,733 ","2,988 ","3,299 ","3,691 "
R,R0801,LC5,"12,541 ",219 ,535 ,904 ,"1,326 ","1,695 ","2,038 ","2,418 ","2,754 ","3,136 ","3,504 ","3,893 ","4,186 ","4,656 ","5,051 ","5,535 "
R,R0901,LC5,"7,521 ",78 ,282 ,457 ,720 ,988 ,"1,231 ","1,470 ","1,692 ","1,944 ","2,208 ","2,470 ","2,765 ","3,126 ","3,395 ","3,728 "
R,R1001,LC5,"8,381 ",60 ,265 ,505 ,826 ,"1,096 ","1,368 ","1,600 ","1,826 ","2,065 ","2,310 ","2,600 ","2,897 ","3,175 ","3,498 ","3,855 "
R,R1101,LC5,"6,335 ",70 ,199 ,319 ,584 ,807 ,981 ,"1,110 ","1,237 ","1,401 ","1,577 ","1,771 ","1,950 ","2,150 ","2,337 ","2,565 "
R,R1201,LC5,"8,237 ",3 ,272 ,438 ,736 ,934 ,"1,163 ","1,435 ","1,646 ","1,878 ","2,116 ","2,387 ","2,621 ","2,861 ","3,183 ","3,662 "
R,R1301,LC5,"4,418 ",41 ,152 ,260 ,386 ,511 ,615 ,747 ,874 ,"1,031 ","1,192 ","1,361 ","1,519 ","1,635 ","1,830 ","2,073 "
R,R1302,LC5,"6,692 ",85 ,142 ,334 ,539 ,760 ,969 ,"1,126 ","1,306 ","1,539 ","1,759 ","1,953 ","2,191 ","2,403 ","2,636 ","2,976 "
R,R1401,LC5,"5,882 ",55 ,158 ,291 ,529 ,693 ,912 ,"1,106 ","1,280 ","1,450 ","1,607 ","1,810 ","1,977 ","2,172 ","2,398 ","2,655 "
R,R1402,LC5,"7,592 ",65 ,182 ,321 ,607 ,851 ,"1,037 ","1,232 ","1,446 ","1,672 ","1,908 ","2,131 ","2,363 ","2,596 ","2,867 ","3,236 "
R,R1501,LC5,"7,711 ",79 ,165 ,377 ,531 ,731 ,914 ,"1,133 ","1,292 ","1,479 ","1,712 ","1,950 ","2,190 ","2,448 ","2,767 ","3,154 "
R,R1502,LC5,"1,517 ",11 ,33 ,72 ,127 ,181 ,229 ,282 ,350 ,420 ,478 ,538 ,591 ,664 ,753 ,871 
R,R1601,LC5,"8,250 ",1 ,7 ,13 ,22 ,35 ,59 ,77 ,97 ,107 ,"2,260 ","2,498 ","2,764 ","3,005 ","3,321 ","3,608 "
R,R1701,LC5,"7,636 ",106 ,235 ,413 ,672 ,850 ,"1,067 ","1,291 ","1,448 ","1,641 ","1,837 ","2,034 ","2,253 ","2,481 ","2,719 ","3,122 "
R,R1801,LC5,"6,686 ",83 ,251 ,432 ,617 ,798 ,987 ,"1,156 ","1,318 ","1,531 ","1,745 ","1,933 ","2,166 ","2,355 ","2,636 ","2,882 "
R,R1901,LC5,"9,285 ",153 ,427 ,793 ,"1,091 ","1,382 ","1,608 ","1,915 ","2,195 ","2,496 ","2,803 ","3,083 ","3,331 ","3,626 ","3,916 ","4,379 "
R,R1902,LC5,"4,953 ",40 ,133 ,237 ,385 ,527 ,658 ,791 ,918 ,"1,085 ","1,224 ","1,412 ","1,573 ","1,795 ","2,051 ","2,386 "
R,R2001,LC5,"7,511 ",98 ,274 ,484 ,795 ,"1,087 ","1,314 ","1,544 ","1,760 ","1,995 ","2,277 ","2,542 ","2,766 ","3,028 ","3,382 ","3,772 "
R,R2101,LC5,"5,688 ",44 ,104 ,210 ,355 ,537 ,713 ,870 ,"1,020 ","1,190 ","1,393 ","1,547 ","1,722 ","1,926 ","2,142 ","2,469 "
R,R2201,LC5,"1,614 ",17 ,40 ,70 ,110 ,177 ,230 ,270 ,329 ,375 ,406 ,449 ,499 ,546 ,608 ,668 
R,R2202,LC5,"3,958 ",60 ,147 ,246 ,415 ,607 ,727 ,887 ,"1,050 ","1,175 ","1,324 ","1,500 ","1,659 ","1,849 ","2,103 ","2,316 "
R,R2301,LC5,"8,241 ",120 ,338 ,438 ,883 ,"1,174 ","1,340 ","1,607 ","1,859 ","2,107 ","2,466 ","2,727 ","2,838 ","3,327 ","3,767 ","4,242 "
R,R2302,LC5,"5,797 ",8 ,32 ,60 ,95 ,124 ,149 ,178 ,214 ,"1,530 ","1,712 ","1,942 ","2,136 ","2,354 ","2,599 ","2,929 "
R,R2401,LC5,"7,377 ",84 ,228 ,460 ,753 ,"1,004 ","1,221 ","1,498 ","1,738 ","1,984 ","2,203 ","2,601 ","2,842 ","3,164 ","3,502 ","3,978 "
R,R2501,LC5,"3,861 ",43 ,115 ,197 ,319 ,437 ,530 ,654 ,790 ,900 ,"1,048 ","1,194 ","1,365 ","1,502 ","1,706 ","2,017 "
R,R2502,LC5,"6,114 ",20 ,167 ,289 ,475 ,702 ,888 ,"1,125 ","1,320 ","1,525 ","1,742 ","1,978 ","2,209 ","2,416 ","2,669 ","3,146 "
R,R2601,LC5,"9,109 ",93 ,293 ,403 ,823 ,"1,106 ","1,329 ","1,541 ","1,760 ","2,025 ","2,304 ","2,623 ","2,912 ","3,201 ","3,624 ","4,068 "
R,R2701,LC5,"11,061 ",112 ,354 ,604 ,"1,031 ","1,247 ","1,538 ","1,883 ","2,192 ","2,539 ","2,878 ","3,276 ","3,664 ","4,042 ","4,458 ","5,150 "
R,R2801,LC5,"6,508 ",94 ,234 ,374 ,540 ,734 ,901 ,"1,056 ","1,204 ","1,389 ","1,589 ","1,793 ","1,992 ","2,245 ","2,578 ","2,991 "
R,R2901,LC5,"10,675 ",104 ,232 ,405 ,706 ,957 ,"1,151 ","1,399 ","1,633 ","1,900 ","2,197 ","2,566 ","2,905 ","3,283 ","3,785 ","4,422 "
R,R3001,LC5,"9,249 ",59 ,212 ,441 ,658 ,906 ,"1,155 ","1,363 ","1,577 ","1,818 ","2,092 ","2,410 ","2,683 ","2,959 ","3,328 ","3,762 "
R,R3101,LC5,"8,835 ",71 ,185 ,404 ,693 ,937 ,"1,248 ","1,527 ","1,796 ","2,089 ","2,312 ","2,634 ","2,960 ","3,296 ","3,669 ","4,384 "
R,R3102,LC5,"6,112 ",50 ,179 ,316 ,482 ,604 ,708 ,906 ,"1,071 ","1,242 ","1,447 ","1,604 ","1,824 ","2,021 ","2,238 ","2,694 "
R,R3201,LC5,"7,837 ",79 ,193 ,352 ,610 ,853 ,"1,099 ","1,332 ","1,573 ","1,802 ","2,068 ","2,358 ","2,625 ","2,912 ","3,255 ","3,629 "
R,R3301,LC5,"7,155 ",61 ,211 ,261 ,411 ,879 ,"1,149 ","1,395 ","1,637 ","1,822 ","2,088 ","2,360 ","2,668 ","3,050 ","3,379 ","3,702 "
R,R3401,LC5,"4,957 ",47 ,144 ,295 ,447 ,625 ,773 ,975 ,"1,152 ","1,325 ","1,526 ","1,737 ","2,028 ","2,208 ","2,460 ","2,889 "
R,R3402,LC5,"6,141 ",48 ,175 ,332 ,562 ,748 ,993 ,"1,126 ","1,182 ","1,378 ","1,664 ","1,852 ","2,084 ","2,357 ","2,649 ","3,032 "
R,R3601,LC5,"12,081 ",123 ,364 ,704 ,"1,012 ","1,500 ","1,820 ","2,132 ","2,439 ","2,768 ","3,144 ","3,535 ","3,895 ","4,291 ","4,751 ","5,292 "
S,S0101,LC4,"7,135 ",68 ,209 ,405 ,639 ,814 ,"1,038 ","1,286 ","1,455 ","1,712 ","1,942 ","2,130 ","2,399 ","2,653 ","2,954 ","3,278 "
S,S0102,LC4,"3,763 ",63 ,157 ,272 ,404 ,485 ,553 ,622 ,693 ,782 ,927 ,"1,024 ","1,139 ","1,247 ","1,371 ","1,497 "
S,S0201,LC4,"10,149 ",89 ,322 ,648 ,"1,036 ","1,448 ","1,558 ","1,627 ","1,720 ","1,961 ","2,163 ","2,552 ","2,849 ","3,181 ","3,516 ","3,921 "
S,S0301,LC4,"6,907 ",112 ,277 ,496 ,752 ,923 ,"1,105 ","1,298 ","1,500 ","1,732 ","1,961 ","2,168 ","2,395 ","2,621 ","2,855 ","3,122 "
S,S0401,LC4,"8,578 ",73 ,289 ,508 ,761 ,990 ,"1,185 ","1,422 ","1,619 ","1,839 ","2,099 ","2,343 ","2,684 ","2,970 ","3,298 ","3,657 "
S,S0501,LC4,"8,646 ",90 ,286 ,516 ,817 ,"1,111 ","1,317 ","1,559 ","1,765 ","2,010 ","2,274 ","2,576 ","2,930 ","3,224 ","3,618 ","4,030 "
S,S0601,LC4,"10,683 ",109 ,379 ,726 ,"1,079 ","1,412 ","1,665 ","1,943 ","2,178 ","2,529 ","2,902 ","3,276 ","3,591 ","3,959 ","4,338 ","4,742 "
S,S0701,LC4,"10,338 ",173 ,447 ,714 ,"1,176 ","1,465 ","1,763 ","2,027 ","2,352 ","2,667 ","3,018 ","3,354 ","3,698 ","4,026 ","4,398 ","4,781 "
S,S0801,LC4,"9,802 ",63 ,280 ,634 ,982 ,"1,242 ","1,490 ","1,778 ","2,018 ","2,303 ","2,587 ","2,886 ","3,181 ","3,489 ","3,806 ","4,248 "
S,S0901,LC4,"9,459 ",100 ,203 ,726 ,"1,085 ","1,465 ","1,693 ","1,955 ","2,182 ","2,506 ","2,606 ","3,103 ","3,368 ","3,677 ","3,923 ","4,241 "
S,S1001,LC4,"7,617 ",72 ,190 ,353 ,583 ,785 ,995 ,"1,184 ","1,413 ","1,615 ","1,832 ","2,027 ","2,297 ","2,519 ","2,841 ","3,101 "
S,S1101,LC4,"11,282 ",502 ,519 ,"1,049 ","1,509 ","1,840 ","2,240 ","2,543 ","2,848 ","3,259 ","3,618 ","4,001 ","4,395 ","4,760 ","5,142 ","5,599 "
S,S1201,LC4,"2,373 ",22 ,63 ,129 ,226 ,298 ,407 ,488 ,591 ,682 ,754 ,853 ,942 ,"1,013 ","1,116 ","1,306 "
S,S1202,LC4,"1,150 ",15 ,49 ,73 ,109 ,154 ,196 ,230 ,268 ,300 ,337 ,371 ,408 ,428 ,461 ,504 
S,S1203,LC4,"5,280 ",64 ,182 ,279 ,442 ,548 ,669 ,797 ,907 ,"1,021 ","1,153 ","1,296 ","1,446 ","1,618 ","1,776 ","2,018 "
S,S1301,LC4,"6,346 ",63 ,207 ,390 ,544 ,748 ,960 ,"1,140 ","1,350 ","1,558 ","1,774 ","1,992 ","2,199 ","2,407 ","2,690 ","2,985 "
S,S1401,LC4,"8,613 ",67 ,251 ,514 ,800 ,"1,131 ","1,389 ","1,633 ","1,859 ","2,098 ","2,348 ","2,599 ","2,895 ","3,141 ","3,455 ","3,869 "
S,S1501,LC4,"8,595 ",134 ,303 ,518 ,869 ,"1,131 ","1,402 ","1,661 ","1,923 ","2,200 ","2,520 ","2,786 ","3,054 ","3,349 ","3,679 ","4,078 "
S,S1601,LC4,"7,992 ",62 ,201 ,410 ,605 ,781 ,903 ,"1,091 ","1,261 ","1,456 ","1,671 ","1,917 ","2,186 ","2,445 ","2,704 ","3,022 "
S,S1701,LC4,"10,577 ",93 ,306 ,598 ,892 ,"1,169 ","1,435 ","1,676 ","1,898 ","2,166 ","2,429 ","2,732 ","3,012 ","3,335 ","3,647 ","4,061 "
S,S1801,LC4,"11,155 ",93 ,274 ,516 ,803 ,"1,058 ","1,325 ","1,618 ","1,920 ","2,224 ","2,603 ","2,931 ","3,284 ","3,706 ","4,271 ","4,976 "
S,S1901,LC4,"7,414 ",123 ,280 ,437 ,717 ,908 ,"1,130 ","1,417 ","1,699 ","1,913 ","2,181 ","2,443 ","2,707 ","2,976 ","3,268 ","3,730 "
S,S2001,LC4,"9,106 ",73 ,199 ,371 ,664 ,917 ,"1,156 ","1,377 ","1,600 ","1,842 ","2,088 ","2,406 ","2,660 ","2,906 ","3,230 ","3,708 "
S,S2101,LC4,"1,968 ",12 ,33 ,57 ,117 ,176 ,225 ,283 ,355 ,415 ,473 ,542 ,585 ,668 ,746 ,872 
S,S2102,LC4,"8,467 ",132 ,207 ,409 ,644 ,898 ,"1,214 ","1,499 ","1,753 ","2,008 ","2,367 ","2,701 ","3,007 ","3,288 ","3,627 ","4,148 "
S,S2201,LC4,"5,114 ",46 ,135 ,256 ,376 ,500 ,631 ,715 ,808 ,907 ,"1,042 ","1,174 ","1,291 ","1,429 ","1,549 ","1,681 "
S,S2202,LC4,"6,015 ",66 ,179 ,318 ,458 ,613 ,784 ,968 ,"1,114 ","1,299 ","1,497 ","1,645 ","1,802 ","2,013 ","2,274 ","2,512 "
S,S2301,LC4,"7,428 ",72 ,207 ,403 ,584 ,729 ,920 ,"1,096 ","1,225 ","1,379 ","1,563 ","1,765 ","1,968 ","2,131 ","2,323 ","2,509 "
S,S2302,LC4,"4,504 ",39 ,143 ,277 ,422 ,547 ,654 ,799 ,943 ,"1,080 ","1,211 ","1,367 ","1,498 ","1,616 ","1,800 ","2,091 "
S,S2401,LC4,"8,429 ",84 ,293 ,581 ,874 ,"1,122 ","1,305 ","1,531 ","1,705 ","1,907 ","2,151 ","2,447 ","2,727 ","2,975 ","3,287 ","3,633 "
S,S2501,LC4,"1,186 ",4 ,13 ,51 ,89 ,130 ,175 ,223 ,270 ,309 ,354 ,427 ,490 ,541 ,609 ,667 
S,S2502,LC4,"5,406 ",55 ,184 ,353 ,536 ,717 ,836 ,983 ,"1,090 ","1,208 ","1,345 ","1,510 ","1,714 ","1,928 ","2,199 ","2,513 "
S,S2601,LC4,"8,265 ",105 ,302 ,565 ,812 ,"1,017 ","1,198 ","1,391 ","1,556 ","1,779 ","1,990 ","2,275 ","2,557 ","2,841 ","3,121 ","3,439 "
S,S2701,LC4,"10,903 ",113 ,340 ,571 ,806 ,"1,129 ","1,394 ","1,653 ","1,947 ","2,227 ","2,546 ","2,868 ","3,173 ","3,471 ","3,904 ","4,411 "
S,S2801,LC4,"9,501 ",68 ,233 ,455 ,699 ,926 ,"1,149 ","1,378 ","1,580 ","1,823 ","2,111 ","2,424 ","2,779 ","3,133 ","3,540 ","3,971 "
T,T0101,LC4,"1,823 ",59 ,164 ,257 ,304 ,358 ,409 ,475 ,523 ,566 ,616 ,674 ,732 ,836 ,901 ,935 
T,T0102,LC4,102 ,2 ,16 ,32 ,36 ,37 ,45 ,45 ,45 ,48 ,49 ,49 ,51 ,51 ,51 ,51 
T,T0103,LC4,35 ,1 ,1 ,9 ,15 ,18 ,18 ,19 ,21 ,21 ,21 ,21 ,22 ,22 ,22 ,22 
T,T0104,LC4,575 ,7 ,15 ,37 ,59 ,77 ,109 ,127 ,144 ,165 ,187 ,213 ,226 ,236 ,251 ,264 
T,T0105,LC4,68 ,0 ,0 ,8 ,14 ,19 ,20 ,25 ,30 ,31 ,32 ,32 ,32 ,32 ,32 ,32 
T,T0106,LC4,68 ,0 ,0 ,0 ,0 ,1 ,1 ,1 ,1 ,1 ,33 ,33 ,33 ,33 ,33 ,33 
T,T0107,LC4,"2,612 ",42 ,111 ,241 ,359 ,433 ,496 ,545 ,604 ,669 ,748 ,845 ,967 ,"1,049 ","1,133 ","1,224 "
T,T0108,LC4,314 ,0 ,1 ,1 ,1 ,1 ,1 ,1 ,1 ,84 ,99 ,117 ,136 ,156 ,164 ,178 
T,T0109,LC4,790 ,1 ,16 ,42 ,85 ,109 ,130 ,153 ,164 ,188 ,224 ,236 ,277 ,301 ,335 ,360 
T,T0201,LC4,"6,394 ",47 ,207 ,401 ,615 ,853 ,"1,005 ","1,246 ","1,360 ","1,533 ","1,736 ","1,947 ","2,168 ","2,417 ","2,697 ","3,020 "
T,T0301,LC4,"7,751 ",69 ,208 ,427 ,651 ,854 ,"1,043 ","1,250 ","1,406 ","1,631 ","1,816 ","2,062 ","2,299 ","2,544 ","2,904 ","3,309 "
T,T0401,LC4,"5,180 ",30 ,147 ,333 ,544 ,738 ,921 ,"1,117 ","1,393 ","1,526 ","1,791 ","1,848 ","1,982 ","2,162 ","2,363 ","2,590 "
T,T0501,LC4,"9,703 ",66 ,294 ,484 ,832 ,"1,146 ","1,407 ","1,657 ","1,884 ","2,180 ","2,464 ","2,729 ","2,986 ","3,280 ","3,605 ","3,993 "
T,T0601,LC4,"4,128 ",40 ,120 ,273 ,560 ,610 ,642 ,666 ,692 ,750 ,846 ,937 ,"1,044 ","1,180 ","1,287 ","1,494 "
T,T0701,LC4,"3,567 ",41 ,141 ,277 ,404 ,533 ,634 ,744 ,838 ,924 ,996 ,"1,100 ","1,227 ","1,395 ","1,544 ","1,679 "
T,T0801,LC4,"2,032 ",57 ,134 ,208 ,301 ,379 ,424 ,459 ,488 ,524 ,578 ,632 ,701 ,753 ,831 ,896 
T,T0802,LC4,274 ,1 ,1 ,22 ,27 ,38 ,42 ,48 ,51 ,59 ,71 ,75 ,84 ,89 ,93 ,99 
T,T0901,LC4,"3,933 ",49 ,133 ,279 ,414 ,492 ,585 ,641 ,702 ,784 ,883 ,"1,011 ","1,154 ","1,317 ","1,511 ","1,665 "
T,T0902,LC4,"1,999 ",24 ,67 ,107 ,184 ,231 ,267 ,307 ,344 ,391 ,439 ,500 ,568 ,619 ,710 ,780 
T,T1001,LC4,"2,656 ",22 ,101 ,215 ,304 ,389 ,448 ,523 ,562 ,617 ,683 ,762 ,854 ,949 ,"1,061 ","1,122 "
T,T1002,LC4,"3,430 ",54 ,193 ,307 ,490 ,614 ,673 ,753 ,816 ,868 ,955 ,"1,031 ","1,153 ","1,221 ","1,333 ","1,410 "