Station,地方直選選民人數,超區選民人數,傳統功能組別選民人數,傳統功能組別佔地方直選選民人數比例,AF,TR,A,B,C,D,E,F,G,K,M,N,U,V,X,Y,Z,CA
A0101,3430,3064,294,0.08571428571,0,0,89,19,42,8,49,8,16,14,4,4,0,5,1,14,11,10
A0102,4973,3766,1150,0.2312487432,0,1,150,275,150,226,43,36,42,3,13,65,18,12,27,39,35,15
A0201,7266,5564,1575,0.2167630058,0,5,321,212,284,168,103,134,103,29,15,21,19,17,12,41,72,19
A0301,4415,3515,828,0.1875424689,0,0,182,102,138,75,100,55,53,18,4,16,5,2,10,20,38,10
A0302,1750,1387,351,0.2005714286,0,1,83,50,61,48,25,12,22,7,3,8,2,2,2,13,9,3
A0401,1192,868,331,0.2776845638,0,2,42,67,34,56,7,25,29,0,3,21,14,4,5,7,9,6
A0501,7592,5824,1691,0.2227344573,0,5,412,210,277,199,163,96,99,33,4,23,15,21,18,41,64,11
A0601,7098,6243,743,0.1046773739,0,2,203,62,128,42,97,33,43,26,5,6,1,11,4,31,38,11
A0701,9117,8314,659,0.07228254908,0,0,191,54,100,51,107,27,24,23,6,6,4,6,2,30,18,10
A0801,7620,6822,638,0.08372703412,0,0,205,15,99,19,120,20,23,33,7,5,0,7,1,37,35,12
A0901,9780,8353,1273,0.1301635992,0,2,323,78,240,121,179,56,50,59,4,9,5,8,7,56,58,18
A1001,9940,9182,593,0.05965794769,0,0,208,20,70,23,95,19,16,36,3,2,2,12,1,45,33,8
A1101,4909,4554,255,0.0519454064,0,1,78,3,41,4,47,10,5,14,3,0,1,2,1,20,16,9
A1102,2327,2132,155,0.06660936829,0,0,63,9,23,2,15,4,7,6,0,2,0,2,1,14,2,5
A1201,5317,4798,446,0.08388188828,0,0,127,20,64,17,71,14,12,23,5,3,1,6,3,48,14,18
A1301,1992,1761,201,0.1009036145,0,1,61,21,30,12,27,7,10,8,0,1,1,2,1,8,6,5
A1302,4535,4005,441,0.09724366042,0,0,122,27,60,33,72,23,16,15,1,1,2,11,3,25,21,9
A1401,6585,5798,645,0.0979498861,0,0,224,23,75,23,101,21,27,46,4,5,2,10,2,31,39,12
A1501,5166,4507,568,0.1099496709,0,0,193,16,72,37,85,19,22,42,3,0,2,5,2,27,31,12
B0101,5524,5080,339,0.0613685735,0,0,116,10,47,21,52,5,12,12,3,2,0,10,3,12,16,18
B0201,5058,4612,348,0.06880189798,0,0,130,12,39,13,44,14,8,23,2,1,2,15,2,11,16,16
B0301,7333,6409,811,0.1105959362,0,3,174,80,131,95,81,47,59,17,3,13,11,27,4,33,22,11
B0401,8030,6996,910,0.1133250311,0,0,291,67,118,62,104,51,51,28,8,4,7,27,9,20,47,16
B0501,1491,1148,316,0.2119382964,0,0,80,33,46,24,35,21,24,7,7,3,1,0,4,5,24,2
B0502,4253,4078,130,0.03056665883,0,0,43,6,22,2,16,4,9,7,1,0,0,2,0,8,9,1
B0601,5046,4553,412,0.08164883076,0,1,140,19,48,22,47,15,15,11,9,2,1,13,3,40,14,12
B0701,5756,4846,791,0.1374218207,0,1,255,62,121,48,83,42,39,20,5,9,5,17,3,21,54,6
B0801,6060,4568,1379,0.2275577558,0,3,248,193,214,193,75,115,123,12,8,29,21,14,15,34,63,19
B0901,5439,4301,1069,0.1965434823,0,1,175,136,164,199,75,84,57,13,4,12,19,17,23,32,47,11
B1001,5204,4415,706,0.1356648732,0,1,183,77,113,66,71,28,44,22,7,9,3,12,5,20,33,12
B1101,1186,909,252,0.2124789207,0,1,69,22,33,32,19,15,21,5,5,5,4,5,1,2,11,2
B1102,1742,1342,371,0.2129735936,0,0,57,53,54,75,17,28,24,1,2,16,6,6,6,11,11,4
B1201,4719,4127,518,0.1097690189,0,2,117,71,97,45,41,23,21,17,4,11,3,8,3,14,25,16
B1301,4805,4299,434,0.09032258065,0,1,135,36,78,35,59,16,18,9,1,4,0,7,1,12,14,8
C0101,8949,7246,1517,0.1695161471,0,0,427,74,298,100,171,124,87,48,8,5,5,22,18,18,102,10
C0201,5094,4263,721,0.1415390656,0,1,269,34,117,41,87,36,33,27,2,4,1,7,2,13,41,6
C0202,4946,3970,863,0.1744844319,0,2,269,50,168,63,86,60,51,18,6,4,3,5,6,11,53,8
C0301,6591,5378,1063,0.1612805341,0,2,283,49,218,59,133,80,56,44,11,6,6,11,6,16,69,14
C0401,11466,10824,472,0.04116518402,0,0,155,9,74,7,81,18,19,32,6,3,0,7,4,16,27,14
C0501,5720,5257,336,0.05874125874,3,1,126,5,40,12,50,4,10,23,1,0,0,4,1,16,19,21
C0601,5799,5390,319,0.05500948439,0,0,100,6,56,3,59,6,7,21,3,0,0,6,3,15,21,13
C0602,6102,5718,255,0.04178957719,3,0,98,0,33,3,41,8,9,15,0,1,1,3,1,21,8,10
C0701,10859,8944,1606,0.1478957547,0,1,508,54,294,76,222,117,86,65,7,4,3,20,7,31,100,11
C0801,8224,7862,237,0.02881809339,0,0,83,2,24,3,49,5,6,19,2,0,0,2,0,21,10,11
C0901,9354,8216,983,0.1050887321,0,0,294,28,147,54,163,51,40,49,4,5,9,18,4,23,72,22
C1001,10349,9955,261,0.025219828,1,0,89,2,28,1,39,3,9,25,1,0,0,3,0,24,19,17
C1101,11303,10563,575,0.05087145006,1,0,197,9,86,4,122,12,13,41,2,2,0,8,1,21,38,18
C1201,8555,8261,174,0.02033898305,0,1,67,0,15,4,26,3,1,19,0,0,2,5,1,12,12,6
C1301,9184,8872,187,0.02036149826,1,1,63,1,12,2,40,2,4,23,1,1,0,5,0,10,11,10
C1401,10451,9552,694,0.0664051287,0,0,266,18,112,27,93,32,30,33,1,0,1,10,5,12,49,5
C1501,7007,5447,1453,0.2073640645,0,2,289,178,280,174,91,124,101,24,3,18,13,19,16,30,70,21
C1601,6418,5311,1025,0.1597070739,0,0,309,50,182,65,131,74,53,24,11,9,6,12,4,18,61,16
C1701,4187,3767,349,0.08335323621,0,0,111,14,64,9,50,15,17,11,7,0,3,7,2,8,25,6
C1801,10223,9586,486,0.0475398611,0,0,193,12,69,25,66,9,13,16,9,1,0,22,4,14,21,12
C1802,13071,11440,1460,0.1116976513,0,3,433,60,246,103,177,80,64,44,16,11,6,34,16,46,97,24
C1901,5025,4435,513,0.1020895522,0,0,207,20,68,22,66,25,25,17,4,3,2,8,3,9,26,8
C2001,3286,2772,453,0.1378575776,0,1,136,18,78,26,59,26,29,10,3,2,2,15,7,9,28,4
C2101,9362,8312,842,0.08993804743,0,0,323,20,124,29,128,25,29,45,5,2,3,17,4,19,51,18
C2201,4867,4433,345,0.07088555578,0,0,129,5,54,16,70,18,5,17,1,0,0,6,1,8,12,3
C2301,6291,5745,367,0.05833730726,0,1,136,10,44,13,63,12,21,18,0,2,0,6,2,7,22,10
C2401,8625,7537,916,0.1062028986,0,1,299,34,159,36,137,47,51,27,4,4,5,15,5,21,57,14
C2501,5578,4548,868,0.1556113302,0,0,272,35,148,55,103,67,70,29,0,4,1,5,3,7,59,10
C2601,9730,8279,1286,0.1321685509,0,1,408,62,232,51,200,91,52,35,7,8,8,16,4,21,80,10
C2701,6179,5920,172,0.02783621945,0,0,71,1,23,1,29,2,2,10,0,0,1,1,0,10,14,7
C2702,6366,5929,366,0.0574929312,0,0,145,3,55,3,60,12,7,26,2,3,3,8,1,7,22,9
C2801,11765,10700,795,0.06757331067,0,1,313,12,101,20,154,30,24,40,7,3,1,13,3,19,31,23
C2901,7493,7146,261,0.03483251034,0,0,91,6,39,3,47,3,8,19,2,1,1,3,0,8,19,11
C2902,3750,3426,219,0.0584,0,1,82,4,29,10,34,3,5,17,0,1,2,2,0,7,17,5
C3001,5621,5453,83,0.01476605586,1,0,27,0,7,0,14,1,1,9,0,0,1,3,0,6,6,7
C3101,4890,4688,119,0.02433537832,0,0,40,1,10,3,17,2,3,13,0,0,0,5,1,9,9,6
C3102,4973,4834,76,0.01528252564,0,0,26,2,6,0,10,0,2,9,0,0,0,1,0,12,7,1
C3201,6838,6262,444,0.06493126645,0,0,164,5,47,9,96,9,8,32,6,1,2,6,0,23,26,10
C3301,4090,3673,325,0.07946210269,0,0,115,3,44,9,65,9,10,24,2,2,0,1,4,5,22,10
C3401,12593,11934,431,0.0342253633,0,0,156,5,41,3,81,12,6,42,5,0,1,5,2,31,28,13
C3501,6207,5997,135,0.02174963751,0,0,51,2,8,1,30,1,2,16,1,0,0,2,1,12,4,4
D0101,10462,9480,761,0.07273943797,5,1,300,7,87,15,141,18,26,60,1,0,0,6,0,45,32,17
D0201,8496,8286,87,0.01024011299,0,0,34,0,3,1,20,0,0,9,2,0,0,1,0,7,2,8
D0301,6015,5375,485,0.08063175395,1,1,180,11,55,20,86,15,15,36,6,0,2,3,1,17,23,13
D0401,10192,9650,425,0.04169937206,3,0,130,8,61,16,91,11,10,29,2,0,2,8,2,21,25,6
D0501,9009,8691,212,0.02353202353,2,0,86,1,25,3,41,4,6,17,0,0,0,2,1,9,10,5
D0601,7751,6302,1234,0.1592052638,0,0,335,39,206,52,246,121,67,40,7,4,6,13,5,18,62,13
D0701,8572,7004,1354,0.1579561363,2,1,402,52,214,61,255,110,64,54,8,8,9,13,6,18,63,14
D0801,10893,10370,397,0.03644542367,0,0,140,1,46,6,82,7,8,43,1,0,0,11,1,20,17,14
D0901,7659,7450,115,0.01501501502,0,0,52,1,16,0,7,0,1,7,0,1,0,3,0,13,9,5
D1001,8728,8464,159,0.0182172319,1,0,56,3,12,6,23,5,3,19,0,0,0,4,1,13,5,8
D1101,1515,1099,414,0.2732673267,0,0,168,68,27,55,17,15,16,4,3,8,3,4,5,7,12,2
D1102,2310,1763,506,0.219047619,0,0,117,66,70,88,47,42,24,4,3,4,3,5,6,7,19,1
D1103,2071,1639,386,0.1863833897,0,1,51,59,80,74,29,11,9,3,1,10,7,3,8,4,32,4
D1201,778,717,49,0.06298200514,0,0,7,13,6,7,5,0,3,1,0,0,1,0,1,3,1,1
D1202,8493,7045,1278,0.1504768633,0,1,469,68,137,74,255,48,68,44,9,5,4,20,3,13,46,14
D1301,2321,2126,148,0.06376561827,0,0,58,0,7,3,29,4,6,14,2,0,0,1,1,11,7,5
D1302,6765,6550,156,0.02305986696,1,0,45,1,22,1,31,3,4,17,1,2,0,3,0,14,8,3
D1401,11378,11105,151,0.01327122517,0,0,62,0,16,0,19,2,0,14,0,0,0,2,0,26,7,3
D1501,2639,2426,185,0.07010231148,0,1,59,1,21,4,39,5,4,16,1,2,0,6,0,7,8,11
D1502,6262,5694,469,0.0748961993,0,0,153,9,56,31,92,12,15,36,1,1,1,8,1,10,29,14
D1601,1734,1366,366,0.2110726644,0,1,35,65,45,80,15,12,26,1,2,18,9,6,17,18,13,3
D1602,2049,1578,463,0.2259638848,0,2,50,95,57,78,10,15,35,2,11,25,10,8,15,29,18,3
D1701,6475,5874,479,0.07397683398,1,0,143,60,46,38,63,11,13,24,1,19,2,7,8,14,12,17
D1702,1209,1144,46,0.03804797353,0,0,14,3,4,1,12,1,0,3,0,1,0,0,2,0,1,4
E0101,4260,3263,875,0.205399061,0,0,145,93,147,158,90,50,42,14,4,14,4,5,20,24,54,11
E0201,12053,10861,1047,0.08686634033,0,0,321,51,108,93,101,36,34,35,33,9,8,29,28,63,43,55
E0401,7843,7094,574,0.07318628076,0,0,181,16,61,29,99,20,18,33,7,1,1,7,4,40,33,24
E0501,13553,11750,1593,0.1175385524,0,2,523,37,256,85,259,84,58,77,10,3,6,11,10,41,99,32
E0601,5915,5579,226,0.0382079459,0,0,82,2,24,4,31,8,1,17,3,0,0,5,2,22,14,11
E0701,5734,5560,88,0.01534705267,0,0,33,1,6,3,14,0,1,9,1,1,0,1,1,6,6,5
E0801,5475,4129,1163,0.2124200913,0,1,276,75,240,114,144,78,77,25,8,9,3,4,14,14,70,11
E0901,5514,5056,350,0.06347479144,0,1,87,17,73,19,55,9,13,12,1,1,1,4,8,12,19,18
E1001,6578,6156,292,0.04439039222,0,0,104,5,36,7,53,8,7,19,3,0,0,5,1,12,14,18
E1101,7748,6881,653,0.08427981415,0,1,252,12,76,13,125,26,26,41,6,2,1,6,1,12,43,10
E1201,7565,6932,439,0.05803040317,0,0,180,11,39,12,74,14,11,24,1,0,0,12,3,14,27,17
E1301,6369,5892,337,0.05291254514,0,0,110,4,30,15,62,12,7,22,2,0,1,6,0,23,27,16
E1401,6166,5510,513,0.08319818359,0,0,251,10,47,20,62,8,10,30,6,0,0,12,4,17,21,15
E1501,5562,5160,294,0.05285868393,0,0,129,5,30,7,42,5,4,13,2,0,0,12,4,14,15,12
E1601,5326,4771,431,0.08092377018,0,0,165,6,39,25,76,12,8,35,7,0,0,6,3,19,20,10
E1701,3043,2383,613,0.2014459415,0,0,103,27,90,170,60,37,22,4,3,4,3,14,22,20,21,13
E1702,568,419,122,0.2147887324,0,2,37,7,14,8,7,11,13,5,2,2,0,1,2,1,8,2
E1901,10764,10078,534,0.04960981048,0,0,186,11,52,19,95,15,8,18,7,0,0,21,3,34,34,31
F0101,7637,7134,309,0.04046091397,0,0,128,5,33,5,57,8,6,31,0,0,1,2,0,9,17,7
F0201,6825,6154,511,0.07487179487,0,1,217,5,49,13,96,16,9,33,2,3,0,2,4,17,24,20
F0301,5878,5491,263,0.0447431099,0,0,90,1,24,3,60,3,8,22,1,0,0,5,1,9,18,18
F0401,10493,10214,109,0.01038787763,0,0,48,0,11,0,16,4,1,8,0,0,0,0,0,9,5,7
F0501,6449,5991,312,0.04837959374,0,0,124,5,30,4,53,10,7,21,2,1,1,2,7,16,21,8
F0601,6452,5976,322,0.04990700558,0,0,119,9,32,9,52,9,10,36,2,0,0,5,4,10,18,7
F0701,4991,4700,190,0.03806852334,0,0,68,2,21,2,32,4,2,7,0,0,0,4,3,15,14,16
F0801,7727,7296,326,0.04218972434,0,0,114,3,39,7,74,7,7,24,1,0,1,3,1,22,8,15
F0901,11256,10882,120,0.01066098081,0,0,48,1,3,0,22,1,2,13,0,0,0,2,1,11,11,5
F1001,9110,8687,298,0.03271130626,0,0,120,2,27,7,49,8,5,30,1,0,2,4,0,11,23,9
F1101,6128,5822,195,0.03182114883,0,0,70,5,30,6,28,6,6,17,2,0,0,2,1,8,12,2
F1201,10725,10057,462,0.04307692308,0,0,140,6,75,12,75,28,13,40,7,2,0,7,1,7,36,13
F1301,8732,7161,1338,0.1532295007,0,2,541,40,142,100,185,66,50,47,6,3,4,13,36,30,51,22
F1401,7442,6286,971,0.1304756786,0,2,445,30,90,52,147,40,19,40,4,2,0,8,13,15,48,16
F1501,8175,6842,1161,0.1420183486,0,0,506,30,122,50,203,43,32,43,7,2,1,13,14,30,51,14
F1601,7565,5926,1419,0.1875743556,0,1,522,36,214,58,266,61,61,69,12,2,1,2,11,22,71,10
F1701,4585,4109,348,0.07589967285,0,0,135,1,31,9,76,8,5,31,1,1,1,1,4,15,18,11
F1801,10426,9978,304,0.02915787454,0,0,131,2,26,8,54,3,6,21,1,1,1,3,4,15,20,8
F1901,9266,8899,250,0.0269803583,0,0,102,0,40,0,36,6,4,22,2,0,0,0,2,21,10,5
F2001,7898,7605,151,0.01911876424,0,0,57,2,13,1,28,3,2,13,1,0,0,3,0,13,9,6
F2101,5918,4544,1285,0.2171341669,0,0,385,66,131,172,133,108,56,47,12,8,1,15,46,29,60,16
F2201,9000,8630,255,0.02833333333,0,0,123,4,15,5,41,10,7,12,0,2,1,3,1,12,12,7
F2301,3802,3696,48,0.01262493425,0,0,24,0,2,0,7,0,0,4,0,1,0,0,2,2,3,3
F2302,4599,4009,529,0.1150250054,0,0,127,27,56,109,44,45,24,13,7,7,2,6,20,13,19,10
G0101,9366,8484,716,0.07644672219,0,0,281,24,69,66,101,35,13,29,6,2,0,3,13,20,41,13
G0201,13256,11967,980,0.07392878696,0,1,339,14,131,42,188,35,37,45,8,3,2,14,8,21,66,26
G0301,9603,8752,633,0.06591690097,0,0,277,11,51,16,130,15,7,36,4,0,0,25,1,10,29,21
G0401,8764,7907,685,0.07816065723,0,2,219,15,72,55,94,39,25,45,8,5,6,6,15,19,41,19
G0501,5548,5299,176,0.03172314348,0,0,62,2,21,4,30,4,6,15,2,0,2,6,1,7,9,5
G0502,4524,4383,85,0.01878868258,0,0,43,0,7,0,15,1,0,10,0,0,0,2,0,2,2,3
G0601,6133,4865,1143,0.1863688244,0,3,331,52,113,175,133,88,50,38,9,12,0,13,26,36,48,16
G0602,3235,2546,648,0.200309119,0,1,223,42,64,92,96,28,19,14,3,4,1,7,18,11,15,10
G0701,3209,2547,589,0.1835462761,0,0,190,31,57,100,62,34,33,7,4,7,2,8,16,13,20,5
G0702,4963,4193,673,0.1356034656,0,0,310,19,49,30,101,25,18,29,3,1,3,10,8,26,31,10
G0801,6567,5105,1372,0.2089234049,0,0,408,67,123,268,167,85,39,29,6,11,9,18,37,19,61,25
G0901,6449,5027,1342,0.2080942782,0,0,376,77,155,203,149,80,84,23,11,13,7,13,43,22,58,28
G0902,1016,808,218,0.2145669291,0,2,44,16,9,63,7,9,2,1,2,7,4,10,13,11,12,6
G1001,6033,5594,331,0.05486490966,0,0,127,5,37,11,42,9,12,20,0,0,1,4,0,11,16,36
G1101,6643,5866,613,0.09227758543,0,0,235,13,65,18,116,19,20,57,5,2,1,4,4,4,29,21
G1201,5236,5045,27,0.005156608098,0,0,12,0,0,0,2,0,0,3,0,0,0,0,0,4,1,5
G1301,7795,7493,54,0.00692751764,0,0,20,0,2,0,12,0,0,4,0,0,0,2,1,6,4,3
G1501,5342,5092,167,0.03126169974,0,0,65,1,16,0,32,1,7,19,2,0,0,5,0,6,8,5
G1601,5878,5446,303,0.05154814563,0,0,125,3,38,13,47,5,5,20,1,1,0,1,0,10,21,13
G1701,4582,3668,810,0.1767786993,0,1,186,37,146,97,108,58,33,18,9,8,6,7,17,25,41,13
G1702,4291,3923,272,0.06338848753,0,0,108,3,31,6,60,8,8,14,3,0,0,5,2,11,8,5
G1801,10229,8504,1469,0.1436113012,0,0,498,49,188,85,233,98,66,54,17,8,6,11,25,19,88,24
G1901,3192,2463,619,0.1939223058,0,0,199,20,90,37,105,37,25,24,7,7,1,2,8,8,39,10
G1902,3157,2725,346,0.1095977194,0,0,123,11,59,11,61,13,14,13,4,3,1,1,2,5,20,5
G2001,9804,8804,819,0.0835373317,0,1,319,14,96,28,138,36,28,42,16,3,2,10,7,25,33,21
G2101,8497,8076,233,0.02742144286,0,0,87,3,32,3,49,4,3,16,1,0,0,2,1,7,13,12
G2201,5577,5201,286,0.05128205128,0,0,119,2,35,2,57,6,6,14,4,1,2,4,2,6,17,9
G2301,7498,7289,134,0.01787143238,0,0,55,0,10,1,23,0,2,14,1,0,0,3,0,12,7,6
G2401,10627,9659,822,0.07735014585,1,0,317,17,93,25,142,48,43,43,2,1,5,6,12,12,44,11
H0101,12303,11718,316,0.02568479233,0,1,113,5,33,8,48,10,12,25,2,2,2,5,5,22,15,8
H0201,10876,10238,467,0.04293858036,0,0,189,8,69,16,83,15,8,26,1,0,1,3,1,18,20,9
H0301,7296,7087,88,0.01206140351,0,0,36,0,10,0,15,1,0,6,1,0,0,3,1,6,6,3
H0401,6278,5592,500,0.07964319847,0,1,222,6,38,11,108,8,8,42,0,1,1,5,2,12,23,12
H0501,12516,11950,418,0.03339725152,0,0,158,6,38,6,78,13,9,42,7,1,0,7,3,18,18,14
H0601,6419,5928,364,0.05670665213,0,1,151,3,34,9,74,11,6,29,2,2,0,4,2,5,25,6
H0602,4160,3213,858,0.20625,0,0,318,19,109,36,174,43,37,52,1,3,0,4,4,10,40,8
H0701,4607,4258,240,0.05209463859,0,0,80,1,33,5,57,7,6,15,1,0,0,1,2,6,11,15
H0702,6043,5631,330,0.05460863809,0,0,131,2,39,7,62,7,7,27,0,0,0,1,6,11,15,15
H0801,10105,9400,505,0.04997525977,0,0,195,3,60,32,82,19,21,26,3,2,2,4,5,12,20,19
H0901,5476,5293,88,0.01607012418,0,0,29,0,10,0,7,1,0,14,1,0,0,3,1,8,5,9
H1001,10974,10433,403,0.03672316384,0,0,153,4,52,9,75,18,5,29,2,0,0,7,1,13,23,12
H1101,5346,5182,95,0.01777029555,0,0,34,0,5,0,18,2,2,15,0,0,0,2,0,7,4,6
H1102,5546,5378,92,0.01658853228,0,0,41,0,9,0,9,0,2,11,0,0,0,5,0,5,5,5
H1201,5801,5385,341,0.05878296845,0,0,160,6,24,5,58,11,6,26,3,0,0,6,3,6,23,4
H1202,3958,3595,306,0.07731177362,0,0,142,3,32,4,65,9,6,17,0,0,0,1,5,4,11,7
H1301,4967,4713,192,0.03865512382,0,1,80,1,19,4,49,0,0,14,3,0,0,1,1,4,9,6
H1302,7191,6720,364,0.05061882909,0,0,160,1,33,7,68,7,4,24,2,0,1,6,2,15,19,15
H1401,4696,4566,72,0.01533219761,0,0,40,0,5,0,8,0,0,4,2,0,0,0,1,4,4,4
H1402,3972,3848,70,0.01762336354,0,0,27,0,6,1,7,0,2,8,0,0,0,2,0,5,4,8
H1501,11134,10594,423,0.03799173702,1,1,190,2,30,5,92,5,6,41,5,0,0,6,1,8,20,10
H1601,11627,11251,168,0.01444912703,0,0,74,0,11,2,23,0,1,26,0,0,0,5,0,12,8,6
H1701,9968,9276,518,0.05196629213,0,1,196,6,38,6,109,11,10,58,2,0,0,6,5,15,35,20
H1801,12249,11861,154,0.01257245489,0,1,60,0,8,0,18,0,2,15,2,0,0,4,0,13,11,20
H1901,11584,11025,318,0.02745165746,0,0,139,3,23,2,64,4,3,31,0,0,0,0,2,16,6,25
H2001,4988,4539,358,0.07177225341,0,1,164,2,30,4,84,9,9,20,1,0,0,4,1,6,17,6
H2002,7457,6982,336,0.04505833445,0,0,132,1,36,7,74,9,8,28,1,1,0,2,1,14,16,6
H2101,8652,7871,548,0.06333795654,0,0,216,9,55,30,95,22,30,35,4,0,1,4,5,6,29,7
H2201,7473,7232,111,0.0148534725,0,0,55,0,8,0,14,1,2,15,0,0,0,1,1,5,5,4
H2301,7294,7034,150,0.02056484782,0,0,67,0,18,0,23,2,1,10,0,0,0,2,0,8,11,8
H2401,6448,5730,543,0.08421215881,0,0,203,7,53,9,126,11,15,52,2,0,0,6,5,14,29,11
H2402,3490,3388,61,0.01747851003,0,0,27,0,5,0,6,0,3,6,1,0,0,2,0,3,5,3
H2501,8130,7914,102,0.01254612546,0,0,43,1,4,0,18,1,1,13,2,0,0,0,0,4,10,5
J0101,3877,3569,194,0.05003868971,0,0,76,0,22,6,40,4,4,14,1,0,2,0,0,7,10,8
J0102,3602,3461,95,0.02637423654,0,0,39,1,10,2,14,0,1,7,0,0,0,4,1,6,8,2
J0201,7007,6052,718,0.1024689596,0,1,336,8,75,14,136,26,11,45,2,0,0,3,6,13,36,6
J0301,6769,6492,171,0.02526222485,0,0,69,3,18,1,30,6,4,16,1,0,0,2,1,7,7,6
J0401,10320,9532,622,0.06027131783,0,0,277,12,53,11,104,17,11,54,6,2,1,2,3,19,39,11
J0501,7947,7658,187,0.02353089216,0,0,74,4,18,4,22,5,6,16,3,1,0,5,1,7,14,7
J0601,8728,8466,95,0.01088450962,0,0,36,0,3,0,24,0,1,6,1,0,1,2,1,10,8,2
J0701,5474,5310,32,0.005845816588,0,0,14,1,2,0,3,0,0,1,0,0,0,1,0,0,5,5
J0702,4138,3992,104,0.02513291445,0,2,38,1,11,1,22,1,3,13,1,0,0,1,0,1,6,3
J0801,8599,8373,130,0.01511803698,0,0,58,0,16,0,13,1,0,21,0,0,0,2,1,5,7,6
J0901,6205,5886,246,0.03964544722,0,0,104,1,28,4,53,3,4,19,1,0,0,2,2,4,19,2
J0902,7449,7005,154,0.02067391596,0,0,67,0,7,0,39,1,4,17,0,0,0,1,1,10,6,1
J1001,7182,7006,70,0.009746588694,0,0,26,0,8,0,11,1,0,10,2,0,0,3,1,1,3,4
J1101,11357,11068,115,0.01012591353,0,0,40,0,3,1,24,0,2,7,1,1,1,5,0,13,7,10
J1201,9019,8731,129,0.01430313782,0,0,51,0,12,1,19,1,1,16,0,1,0,1,0,11,10,5
J1301,6590,6107,358,0.05432473445,0,0,145,1,40,6,70,11,7,32,0,0,1,3,2,15,14,11
J1302,5211,4864,266,0.05104586452,0,0,112,1,27,6,54,6,5,17,3,0,0,5,0,6,15,9
J1401,7914,7701,76,0.009603234774,0,0,38,0,2,0,8,1,3,11,0,0,0,2,0,4,2,5
J1402,2400,2339,29,0.01208333333,0,0,15,0,1,0,2,0,0,2,1,0,0,0,0,4,2,2
J1501,9177,8942,123,0.0134030729,0,0,45,0,9,0,22,3,1,17,1,0,0,2,0,6,8,9
J1601,9430,8952,345,0.03658536585,0,0,136,1,51,2,53,5,11,33,0,0,0,2,0,19,17,15
J1701,3544,3441,29,0.008182844244,0,0,14,0,1,1,4,0,0,2,0,0,0,0,0,3,2,2
J1702,6834,6418,314,0.0459467369,0,1,106,3,49,6,55,5,11,22,3,0,0,2,1,12,22,16
J1801,9790,9368,315,0.03217568948,0,0,134,3,38,8,57,2,7,25,1,0,1,7,1,10,10,11
J1802,7987,7574,274,0.03430574684,0,1,116,3,45,5,31,5,7,19,1,0,0,2,1,12,16,10
J1901,10717,10409,138,0.01287673789,1,0,63,0,12,0,19,2,0,16,1,0,0,1,1,7,9,6
J2001,5344,4924,320,0.05988023952,0,1,119,3,42,3,72,12,10,20,0,1,1,3,1,5,14,13
J2101,6115,5729,269,0.04399018806,0,0,109,1,33,5,57,5,4,23,2,0,1,1,2,6,10,10
J2201,8775,8498,97,0.01105413105,0,0,35,0,9,1,13,1,2,15,0,0,0,2,0,10,5,4
J2301,11839,11335,233,0.01968071628,0,0,111,1,10,0,46,2,0,23,1,0,0,2,1,11,15,10
J2302,4935,4553,239,0.0484295846,0,0,101,3,27,5,48,3,5,13,2,0,0,1,1,5,19,6
J2401,8023,7759,88,0.01096846566,0,0,34,0,8,0,9,0,2,11,1,0,1,3,1,8,4,6
J2402,1071,939,110,0.1027077498,0,0,35,2,11,5,11,2,6,5,1,0,0,0,0,2,9,21
J2501,11981,9529,2141,0.1786996077,0,0,745,58,324,98,335,166,123,101,6,17,3,13,15,12,114,11
J2601,11671,9868,1514,0.1297232457,0,0,596,23,215,49,223,98,54,79,8,6,2,11,8,25,97,20
J2701,11979,11639,189,0.01577761082,0,0,74,0,21,1,25,1,4,25,1,0,0,7,0,14,11,5
J2801,9165,8684,343,0.03742498636,0,0,126,2,47,3,64,7,6,34,2,0,0,5,1,14,13,19
J2901,7217,6577,505,0.06997367327,0,0,230,11,55,14,72,5,17,23,4,1,2,5,10,14,29,13
J3001,4529,4326,113,0.02495032016,0,0,47,2,8,1,21,1,2,12,0,0,0,1,1,4,10,3
J3002,3722,3395,267,0.07173562601,0,0,110,4,25,4,60,14,7,20,0,0,1,0,0,5,9,8
J3101,7723,6928,632,0.0818334844,0,1,284,12,65,14,103,19,18,29,2,0,1,10,9,9,32,24
J3201,8941,8579,183,0.02046750923,0,0,81,3,26,1,22,4,2,15,0,0,0,5,1,6,12,5
J3301,8930,8696,96,0.01075027996,0,0,47,0,6,0,13,0,3,9,1,0,0,1,1,6,7,2
J3401,2278,2122,129,0.0566286216,0,0,57,0,14,2,23,4,3,8,1,0,0,3,0,3,8,3
J3402,7113,6774,195,0.027414593,0,1,72,2,11,4,39,3,7,16,1,0,0,3,2,9,11,14
J3501,9574,8518,765,0.07990390641,0,0,280,7,107,14,156,15,23,63,2,0,0,8,3,22,48,17
J3601,7629,7412,130,0.01704024118,0,0,61,0,12,0,14,1,4,15,0,0,0,2,1,10,5,5
J3701,6722,6504,92,0.01368640286,0,0,38,0,8,0,18,1,1,9,1,0,0,1,0,5,6,4
K0101,5201,4675,432,0.08306094982,0,1,144,8,47,39,73,19,13,18,3,1,2,4,9,9,26,16
K0201,5244,4797,350,0.06674294432,0,0,127,6,41,10,63,12,10,28,2,1,0,4,2,13,17,14
K0301,11813,10240,1189,0.1006518243,0,1,442,15,130,36,285,52,29,75,6,3,0,8,13,20,61,13
K0401,7419,6974,327,0.04407602103,0,0,125,1,41,10,65,8,5,25,1,0,0,2,3,7,21,13
K0501,7419,7135,186,0.02507076425,0,0,83,2,20,4,21,1,0,16,0,2,0,5,0,5,22,5
K0601,9759,8380,1154,0.1182498207,0,1,458,17,177,39,218,46,27,62,3,5,1,8,7,17,59,9
K0701,9934,9056,618,0.06221058989,0,0,234,5,74,11,102,17,20,65,4,1,2,4,7,13,46,13
K0801,5534,5057,375,0.06776292013,0,0,173,1,43,7,62,7,9,21,2,1,1,5,4,4,27,8
K0802,399,371,19,0.04761904762,0,0,9,0,3,0,2,0,0,0,0,0,0,1,0,2,0,2
K0901,10206,8914,1073,0.1051342348,0,0,470,9,124,28,174,50,26,52,4,4,0,10,21,32,46,23
K1001,11550,9940,1335,0.1155844156,0,1,511,35,139,51,214,66,39,78,12,4,3,16,25,32,72,37
K1101,8309,7054,1062,0.1278132146,0,0,453,13,130,44,203,43,20,39,6,1,1,6,13,17,64,9
K1102,5736,5037,536,0.09344490934,1,1,193,2,62,24,92,20,12,47,0,1,0,7,11,17,28,18
K1201,1759,1547,171,0.09721432632,0,1,65,1,16,7,31,6,4,13,1,1,0,3,7,8,3,4
K1202,2926,2542,292,0.0997949419,0,0,109,5,16,15,53,15,4,26,0,3,3,3,10,7,18,5
K1301,6182,5043,881,0.1425105144,1,0,336,36,117,25,125,39,27,73,4,3,4,9,7,15,52,8
K1401,10138,8878,1047,0.1032748077,0,0,451,22,101,45,177,39,23,49,6,3,6,6,16,19,68,16
K1501,7613,7400,106,0.01392355182,0,0,40,0,6,0,16,1,2,13,1,0,0,1,1,6,8,11
K1502,2055,1790,183,0.08905109489,0,0,85,3,14,6,30,3,9,12,2,0,0,3,3,3,6,4
K1601,9172,8924,136,0.01482773659,0,0,53,1,10,0,15,0,3,15,4,0,0,3,2,5,16,9
K1701,5798,5669,63,0.0108658158,0,0,31,1,1,1,9,0,0,10,0,0,0,3,0,2,3,2
K1801,3941,3781,97,0.02461304238,0,0,43,2,4,7,11,4,1,7,0,0,0,5,1,3,6,3
K1802,4858,4695,93,0.01914368053,1,0,39,0,7,1,19,1,1,5,2,0,1,1,0,5,8,2
L0101,3799,3450,262,0.06896551724,0,0,125,2,25,4,36,4,9,21,1,0,0,3,1,6,23,2
L0102,2537,2230,227,0.08947575877,0,0,93,1,33,6,44,9,7,8,0,0,0,5,2,4,8,7
L0201,9113,8299,617,0.06770547569,0,0,292,4,31,18,143,25,5,32,1,0,0,6,2,17,25,16
L0202,4807,4390,323,0.06719367589,0,0,157,0,25,5,72,4,6,21,2,0,1,3,1,10,14,2
L0301,5809,5528,222,0.03821656051,0,0,111,0,13,3,46,2,4,14,0,0,0,3,1,12,8,5
L0302,2120,1747,317,0.1495283019,0,0,160,0,20,9,68,4,3,16,1,0,1,4,0,8,19,4
L0401,7132,6943,85,0.01191811554,0,0,31,0,4,1,10,1,0,12,1,0,0,0,1,13,6,5
L0402,2994,2815,150,0.0501002004,0,1,59,1,16,1,28,4,3,14,1,0,0,2,1,6,9,4
L0501,8478,8266,105,0.01238499646,1,0,39,1,7,0,15,2,0,15,1,0,0,1,0,11,8,4
L0601,6184,6005,87,0.01406856404,0,0,41,0,2,0,15,0,2,8,0,0,0,1,0,8,8,2
L0602,6513,6006,361,0.05542760633,1,1,162,3,30,10,76,6,2,31,0,2,0,1,1,16,12,7
L0701,9062,8035,789,0.08706687266,0,0,355,2,63,21,195,22,10,59,1,1,0,1,2,14,32,11
L0801,10499,10156,212,0.02019239928,0,0,106,0,9,1,35,0,2,21,0,0,0,1,0,16,12,9
L0901,5605,5488,56,0.009991079393,0,0,28,0,3,1,6,0,1,4,0,0,0,1,1,3,2,6
L0902,2443,2382,21,0.008595988539,0,0,7,0,0,0,3,0,0,4,1,0,0,1,0,2,2,1
L1001,9797,9455,204,0.02082270083,0,0,87,3,21,0,32,3,2,22,1,0,0,2,0,13,12,6
L1101,2138,1990,87,0.04069223573,0,0,49,2,2,1,13,0,0,9,1,0,0,2,0,1,6,1
L1102,4501,4206,201,0.04465674295,1,1,88,2,13,4,37,4,3,13,0,0,0,4,1,7,10,13
L1201,5883,5421,378,0.06425293218,0,0,159,2,25,10,90,8,10,25,3,0,0,2,6,12,16,10
L1202,1768,1554,199,0.1125565611,0,0,69,5,11,14,36,8,11,8,4,2,0,1,10,3,11,6
L1301,2390,2012,322,0.1347280335,0,0,131,8,15,23,63,17,6,9,0,0,0,8,10,11,9,12
L1302,7107,6055,857,0.1205853384,1,1,344,32,56,68,139,40,22,32,7,6,3,11,21,15,32,27
L1401,11436,10623,586,0.0512416929,0,0,267,7,45,8,114,12,2,57,3,0,1,8,7,14,26,15
L1501,8592,8059,368,0.04283054004,0,0,165,1,32,5,65,7,5,34,3,0,0,5,2,11,21,12
L1601,9629,8604,809,0.08401703188,1,0,377,6,41,16,199,22,6,60,0,1,1,11,3,16,33,16
L1701,7951,7759,93,0.01169664193,1,0,34,0,1,0,15,0,2,14,0,0,1,0,0,8,9,8
L1801,3645,3434,170,0.04663923182,0,0,80,2,15,1,36,2,0,16,0,1,0,3,1,5,5,3
L1802,6168,6030,60,0.009727626459,0,0,35,0,3,0,6,0,1,4,0,0,0,2,1,2,4,2
L1901,4836,4299,406,0.08395368073,0,0,203,4,25,10,93,12,5,22,0,1,0,3,0,9,11,8
L1902,778,715,40,0.05141388175,0,0,19,0,1,3,8,0,0,3,0,0,0,0,0,0,3,3
L2001,8664,8256,282,0.03254847645,1,0,127,1,20,0,56,4,2,16,2,0,0,2,0,17,17,17
L2002,796,737,38,0.04773869347,0,0,23,1,2,0,5,0,1,3,0,0,0,0,0,1,0,2
L2101,9441,9083,252,0.0266920877,0,0,106,0,14,3,59,0,4,26,1,0,0,2,0,11,16,10
L2201,9958,9652,211,0.02118899377,0,0,88,1,16,2,48,1,2,20,0,0,0,3,1,11,12,6
L2301,11012,10566,321,0.02915001816,0,1,132,1,19,1,74,5,5,30,1,0,0,5,1,16,20,10
L2401,6501,6323,83,0.01276726657,0,1,40,0,3,0,19,1,1,4,0,0,1,3,0,4,3,3
L2402,1875,1685,149,0.07946666667,0,0,63,4,7,8,39,5,1,6,2,1,0,0,1,3,7,2
L2501,10136,9633,373,0.03679952644,0,1,159,1,20,5,95,2,5,38,1,0,0,5,2,10,24,5
L2601,8569,8015,423,0.04936398646,0,0,194,1,27,11,92,5,6,39,1,0,1,4,1,12,21,8
L2701,7364,6796,435,0.05907115698,0,1,223,3,25,11,72,7,8,39,1,1,0,2,1,16,22,3
L2702,2717,2261,345,0.1269782849,0,0,158,0,25,9,65,7,9,37,1,0,0,1,2,5,19,7
L2801,11499,11257,127,0.01104443865,1,0,59,0,4,1,20,0,1,15,1,0,0,1,1,13,4,6
L2802,1021,851,142,0.139079334,0,1,71,1,3,2,27,6,2,13,0,1,0,3,2,2,1,7
L2901,3315,3087,145,0.04374057315,0,1,65,3,6,3,36,5,1,9,0,1,1,0,0,3,6,5
L2902,2048,1869,104,0.05078125,0,0,47,0,6,0,27,1,1,6,0,0,0,1,0,3,6,6
L2903,2660,2369,183,0.06879699248,1,0,71,2,12,3,38,1,0,26,0,0,0,6,1,5,8,9
M0101,8024,7347,526,0.06555333998,2,0,288,5,18,15,95,7,8,28,1,0,2,3,4,8,16,26
M0201,7081,6647,319,0.04505013416,0,0,162,5,20,4,52,8,1,32,0,1,0,5,1,8,13,7
M0202,4139,3413,610,0.1473785939,2,0,341,2,31,11,94,20,10,48,1,1,0,4,3,8,22,12
M0301,10300,9910,270,0.02621359223,0,1,129,0,18,5,46,1,2,19,0,0,0,1,0,11,21,16
M0401,8648,8365,198,0.02289546716,0,1,97,1,13,2,34,4,2,14,0,0,0,6,0,10,4,10
M0501,4719,4399,230,0.04873913965,0,0,118,1,16,6,35,7,5,5,2,0,0,3,1,8,6,17
M0502,6608,5924,543,0.08217312349,2,2,298,3,31,11,74,9,10,23,0,2,1,7,3,11,34,22
M0601,4022,3307,586,0.1456986574,0,0,261,17,67,15,86,24,22,22,5,0,1,5,7,14,27,13
M0701,5894,5147,576,0.09772650153,0,1,285,5,36,19,110,19,12,33,0,0,1,1,1,11,21,21
M0801,1104,1036,52,0.04710144928,0,0,26,0,6,0,12,0,0,3,1,0,0,1,0,3,0,0
M0802,5967,5381,437,0.07323613206,1,0,199,8,45,5,63,8,4,37,4,0,0,5,3,10,26,19
M0901,6353,5655,491,0.07728632142,0,2,233,3,43,5,80,16,9,31,2,0,1,6,4,7,37,12
M0902,3823,3367,306,0.08004185195,0,1,148,4,22,8,43,9,6,25,0,2,0,4,0,7,14,13
M1001,3894,3609,194,0.04982023626,2,2,95,0,11,1,42,1,1,16,0,0,0,0,2,8,8,5
M1002,6557,6113,288,0.04392252555,1,1,154,1,5,3,57,2,3,18,1,1,0,6,0,12,14,9
M1101,3333,3028,230,0.06900690069,2,0,117,5,4,10,42,7,2,12,2,2,1,4,2,6,2,10
M1102,7058,6446,355,0.05029753471,0,0,172,1,19,5,64,13,5,32,1,1,0,4,3,6,17,12
M1201,3712,3427,200,0.05387931034,1,1,112,2,16,3,28,2,2,10,1,0,0,2,2,3,7,8
M1301,3779,3471,193,0.05107171209,0,0,112,2,9,1,16,4,3,13,4,0,0,0,1,6,11,11
M1302,1523,1427,61,0.04005252791,0,0,27,0,2,0,7,2,1,8,1,1,2,1,0,3,2,4
M1401,933,890,34,0.03644158628,1,0,10,1,0,0,4,0,0,0,0,0,0,1,0,0,1,16
M1402,3218,3012,117,0.03635798633,1,0,57,2,6,0,18,2,3,5,0,0,0,1,0,2,12,8
M1403,3217,2938,214,0.06652160398,0,0,104,2,8,6,49,8,3,12,1,0,0,1,2,3,6,9
M1501,6398,6077,235,0.0367302282,0,0,104,4,14,1,50,4,5,21,2,1,0,2,3,9,8,7
M1502,6602,6231,250,0.03786731294,0,0,142,0,14,1,46,0,0,19,0,0,0,1,1,8,12,6
M1601,10035,9690,203,0.02022919781,2,0,92,0,14,0,26,1,2,23,0,0,0,6,0,9,19,9
M1701,7769,7586,93,0.01197065259,3,0,38,0,3,0,13,1,2,8,0,0,0,1,0,10,8,6
M1801,6564,6107,309,0.0470749543,0,0,164,0,20,3,48,10,2,29,3,0,1,2,0,8,13,6
M1802,6538,6349,60,0.009177118385,0,0,22,0,3,0,5,0,1,9,1,0,0,0,0,5,9,5
M1901,9087,8789,126,0.01386596236,0,0,48,0,6,2,22,3,2,20,2,0,0,0,2,6,9,4
M2001,10208,9707,226,0.02213949843,1,0,113,2,13,3,31,3,1,17,1,0,0,5,1,17,8,10
M2101,10638,10358,73,0.006862192141,1,0,30,0,1,1,11,0,1,11,0,0,0,1,0,5,5,6
M2201,12134,11831,91,0.007499587935,0,0,32,0,1,0,16,0,0,14,1,0,0,2,0,9,4,12
M2301,10552,10274,82,0.007771038666,0,0,40,0,1,1,14,0,0,8,1,0,0,0,0,7,5,5
M2401,8791,8458,183,0.0208167444,0,1,106,2,11,3,27,8,0,13,0,0,1,0,0,5,4,2
M2501,10560,9066,1134,0.1073863636,0,0,614,9,70,25,207,26,14,75,7,0,1,3,7,15,51,10
M2601,6760,6490,90,0.01331360947,0,0,41,0,7,1,10,0,0,11,1,0,0,4,0,8,3,4
M2701,8892,8521,222,0.02496626181,0,0,120,0,14,3,27,2,2,23,0,0,0,3,0,8,12,8
M2801,8349,8110,103,0.0123368068,0,0,47,0,6,0,13,0,1,8,0,0,0,1,1,11,9,6
M2901,8722,7892,602,0.06902086677,0,0,317,7,40,5,108,12,4,52,3,1,1,8,3,8,19,14
M3001,7754,7165,388,0.05003868971,0,1,194,1,29,6,64,8,8,20,2,0,0,3,0,14,26,12
M3101,8183,6628,1372,0.1676646707,1,2,703,28,89,77,214,58,33,44,9,7,0,15,14,23,37,18
M3201,3238,2988,110,0.0339715874,2,0,59,2,4,2,17,0,3,5,0,0,0,1,2,1,5,7
M3202,5815,5132,537,0.09234737747,2,2,207,24,48,53,62,29,17,20,3,9,1,8,11,9,22,10
M3301,5801,5294,352,0.06067919324,2,0,164,4,23,8,48,18,6,25,2,3,1,7,5,9,16,11
M3401,6023,5645,242,0.04017931263,1,1,104,8,11,12,43,9,7,8,2,1,0,9,2,6,5,13
M3501,9546,8708,523,0.05478734549,3,1,218,16,31,17,99,14,10,37,1,3,1,10,1,14,25,22
N0101,5901,5502,264,0.04473817997,0,0,129,1,11,2,45,9,5,30,2,0,0,4,1,6,10,9
N0201,3122,2860,166,0.0531710442,0,0,86,1,13,5,28,4,4,9,0,0,0,1,3,4,5,3
N0202,3095,2733,268,0.08659127625,0,1,131,3,20,2,34,7,4,33,2,1,0,4,0,7,17,2
N0301,11563,11015,361,0.03122027156,0,1,163,1,26,3,62,6,5,49,0,0,0,6,0,14,17,8
N0401,11411,10641,512,0.04486898607,0,0,251,1,44,4,100,10,8,38,3,0,0,2,0,16,21,14
N0501,11783,11425,228,0.01934991089,0,0,94,2,8,2,44,1,2,25,0,0,0,4,0,11,19,16
N0601,5209,4873,240,0.04607410251,0,0,119,1,15,2,45,4,6,18,1,1,0,2,0,11,8,7
N0602,8359,8069,171,0.02045699246,1,0,74,1,6,2,33,2,0,19,2,0,1,3,2,7,10,8
N0701,9974,9478,328,0.03288550231,0,0,151,2,24,10,50,9,3,33,1,0,1,2,0,11,20,11
N0801,4252,3580,515,0.1211194732,0,0,250,3,39,3,107,15,5,49,1,1,1,7,4,9,20,1
N0802,2805,2421,315,0.1122994652,0,1,167,1,21,6,48,16,8,15,3,0,0,2,2,5,17,3
N0901,9760,9463,81,0.008299180328,1,0,36,0,1,0,14,1,3,11,0,0,0,3,0,7,3,1
N1001,7521,7031,277,0.03683020875,0,0,134,0,21,8,55,6,6,19,1,0,0,0,0,9,10,8
N1101,2780,2595,126,0.04532374101,1,0,53,2,9,9,16,3,1,8,1,1,0,2,4,9,3,4
N1102,1820,1715,70,0.03846153846,0,0,28,2,6,4,8,1,4,3,1,0,0,1,6,2,3,1
N1103,3165,2949,108,0.03412322275,0,0,38,8,7,3,17,7,6,4,0,0,0,2,2,2,5,7
N1104,2067,1879,91,0.04402515723,0,0,46,1,2,2,17,2,1,5,0,0,0,2,0,5,5,3
N1201,11091,10677,240,0.02163916689,1,0,123,0,13,8,29,6,2,20,1,0,0,4,0,15,11,7
N1301,1602,1479,82,0.05118601748,0,1,41,0,4,2,8,0,2,3,1,0,0,3,0,4,7,6
N1302,5238,4713,395,0.07541046201,0,0,214,8,25,7,60,9,7,28,2,0,0,2,2,9,12,10
N1303,2622,2430,156,0.05949656751,0,1,73,2,11,0,19,2,1,27,0,0,0,3,0,5,8,4
N1401,10413,9845,430,0.04129453568,1,0,209,2,33,14,64,8,8,34,0,1,0,2,0,18,20,16
N1501,8464,8015,296,0.03497164461,0,0,160,2,13,5,49,7,4,24,1,1,0,2,1,7,14,6
N1601,1317,1244,36,0.02733485194,2,0,20,1,0,1,7,0,1,0,1,0,0,0,0,0,1,2
N1602,2118,2013,64,0.03021718602,1,0,30,1,6,0,9,3,1,2,0,0,0,2,0,2,2,5
N1603,102,99,3,0.02941176471,1,0,0,0,0,0,0,0,0,0,0,0,0,0,0,0,0,2
N1604,3424,3344,52,0.01518691589,2,0,26,0,4,0,5,0,0,0,1,0,0,1,0,4,2,7
N1605,76,72,3,0.03947368421,0,0,0,2,0,0,0,0,0,0,0,0,0,0,0,1,0,0
N1606,1532,1436,47,0.03067885117,0,0,24,0,3,2,2,0,1,5,0,0,0,1,0,0,3,6
N1701,6771,6388,253,0.03736523409,0,0,120,1,16,4,48,4,4,23,1,0,0,6,2,10,8,6
N1702,7338,6579,538,0.0733169801,1,1,268,4,29,4,102,12,8,40,0,0,1,1,3,17,25,22
N1801,1560,1448,65,0.04166666667,0,0,27,1,3,1,12,2,1,6,1,0,0,2,0,1,5,3
N1802,1726,1600,76,0.04403244496,0,0,38,0,2,0,13,4,2,7,0,0,0,0,0,1,5,4
N1803,1978,1858,75,0.03791708797,1,0,30,2,7,0,11,1,0,7,0,0,0,0,0,6,6,4
N1804,2508,2355,92,0.03668261563,2,0,48,1,1,0,16,1,5,6,0,0,0,1,2,3,3,3
N1805,605,563,27,0.04462809917,1,0,9,0,2,1,6,1,0,4,0,0,0,0,0,0,2,1
P0101,6950,6489,314,0.04517985612,2,0,152,2,19,4,40,9,11,26,3,0,1,4,1,15,13,12
P0201,7825,7065,588,0.07514376997,2,0,296,1,52,6,102,10,6,46,2,0,0,2,1,16,32,14
P0301,3440,3109,238,0.06918604651,1,1,102,1,24,5,50,2,3,17,0,0,0,2,3,7,16,4
P0302,5558,5268,181,0.0325656711,0,0,73,1,13,2,40,2,2,23,0,0,0,1,0,9,12,3
P0401,8889,8635,134,0.01507481156,0,0,57,0,5,0,22,1,1,16,0,0,0,5,1,18,4,4
P0501,11640,11187,270,0.02319587629,0,0,97,2,20,5,70,3,5,30,1,0,0,1,0,10,13,13
P0601,11842,11276,436,0.03681810505,2,0,188,3,35,5,91,7,5,34,4,1,0,2,0,21,23,15
P0701,9132,8635,344,0.03766973281,1,0,155,1,20,2,75,3,3,25,0,1,0,7,2,11,28,10
P0801,7594,7409,114,0.01501185146,1,0,49,1,3,0,17,1,0,19,0,0,0,4,1,5,6,7
P0802,1278,1150,95,0.07433489828,0,0,54,0,2,2,22,1,0,6,1,0,1,1,0,1,3,1
P0901,8538,8124,293,0.0343171703,0,0,143,3,14,5,54,7,7,22,3,0,0,4,1,11,16,3
P1001,10340,9031,1078,0.1042553191,1,0,454,25,69,70,179,53,23,58,5,10,4,10,16,23,51,27
P1002,2854,2343,413,0.1447091801,0,2,132,9,47,55,41,27,19,11,3,5,2,5,16,6,23,10
P1101,8557,8156,258,0.03015075377,0,0,98,3,18,4,71,3,4,26,1,0,0,7,0,10,6,7
P1201,5786,5023,635,0.1097476668,0,0,314,2,31,34,113,26,18,39,5,0,0,2,5,4,37,5
P1202,2057,1839,171,0.08313077297,0,0,91,1,7,6,28,6,4,10,0,0,0,2,1,1,8,6
P1301,630,563,46,0.07301587302,0,1,25,1,2,0,8,2,1,2,0,0,0,0,1,0,1,2
P1302,5002,4541,311,0.06217512995,3,0,131,7,20,2,50,19,6,23,1,0,0,7,0,10,21,11
P1303,1247,1147,62,0.04971932638,0,0,23,1,7,0,9,2,3,8,0,0,0,2,0,3,3,1
P1304,1451,1313,86,0.05926946933,0,0,30,1,5,4,30,2,2,6,1,1,0,1,0,1,1,1
P1401,10574,10077,348,0.03291091356,1,0,147,3,25,5,77,3,2,40,0,1,0,3,2,11,18,10
P1501,10940,10530,303,0.02769652651,2,0,118,1,27,2,65,5,2,37,1,0,0,4,1,14,12,12
P1601,7800,6771,798,0.1023076923,0,0,380,1,61,13,157,14,18,76,3,0,0,8,4,12,45,6
P1701,5007,4270,604,0.1206311164,1,0,271,7,35,24,97,35,15,37,6,1,1,4,6,13,25,26
P1702,1865,1694,110,0.05898123324,0,0,53,3,1,3,16,6,1,13,3,0,0,2,1,3,2,3
P1703,1931,1609,328,0.1698601761,0,1,63,22,35,75,24,15,15,0,8,8,3,2,25,11,16,5
P1704,2203,1808,266,0.1207444394,0,0,123,1,14,5,45,10,4,30,1,0,1,2,1,5,20,4
P1801,2966,2650,217,0.07316250843,0,0,97,2,9,6,33,7,7,18,1,0,0,7,1,6,10,13
P1802,4457,4017,343,0.07695759479,0,0,124,14,18,19,57,13,5,22,2,5,1,14,8,10,21,10
P1803,1341,1080,235,0.1752423565,0,1,93,9,15,23,23,16,9,9,1,1,0,4,9,5,13,4
P1901,5676,4770,714,0.1257928118,1,1,273,18,26,80,112,54,20,39,5,3,0,6,10,12,36,18
P1902,192,162,25,0.1302083333,0,0,12,1,0,0,3,2,2,0,0,1,0,0,0,0,2,2
P1903,216,208,9,0.04166666667,2,0,4,1,0,0,0,0,0,0,0,0,0,0,0,0,0,2
Q0101,8788,8075,570,0.06486117433,8,0,231,13,37,17,87,27,19,32,2,4,0,12,8,11,22,40
Q0102,1880,1791,64,0.03404255319,3,0,25,0,2,4,12,2,0,5,0,0,0,1,0,2,1,7
Q0201,6891,6164,548,0.07952401683,0,2,204,22,27,28,75,26,26,26,5,7,0,16,22,15,33,14
Q0401,4672,4031,556,0.1190068493,1,0,215,39,27,40,47,32,37,17,6,7,2,11,20,15,26,14
Q0501,4610,4059,447,0.09696312364,1,2,166,19,35,34,51,23,33,15,4,4,2,6,18,7,19,8
Q0601,9198,8574,400,0.04348771472,0,1,133,7,48,10,69,18,19,22,3,1,2,2,2,15,33,15
Q0701,7104,5471,1399,0.1969313063,1,2,451,31,267,56,204,95,93,75,3,7,0,7,4,10,90,3
Q0801,6086,5125,725,0.1191258626,0,0,257,17,146,25,101,50,28,26,5,3,0,9,5,7,41,5
Q0901,8550,8244,89,0.01040935673,0,0,41,0,3,1,8,1,2,11,1,0,0,1,0,8,11,1
Q1001,11014,10506,249,0.02260759034,0,0,112,1,35,1,29,3,6,24,2,0,1,5,2,10,10,8
Q1101,9265,7988,965,0.1041554236,0,0,372,12,162,18,152,54,30,55,2,0,0,9,2,19,67,11
Q1201,9994,8943,738,0.07384430658,0,0,270,14,121,21,123,27,25,52,5,3,0,5,3,21,37,11
Q1301,6074,5029,824,0.135660191,0,0,299,15,125,15,164,48,28,42,5,2,0,7,3,10,56,5
Q1401,9770,8566,961,0.09836233367,0,1,376,10,122,24,176,46,34,69,2,4,2,9,6,13,53,14
Q1501,2049,1913,82,0.04001952172,0,0,33,1,5,3,21,1,0,6,0,0,0,1,0,4,5,2
Q1502,4656,4320,204,0.04381443299,0,0,102,4,17,8,38,4,4,14,1,1,0,1,0,2,4,4
Q1601,10861,10375,335,0.03084430531,1,0,127,2,36,6,70,2,5,35,2,0,0,3,0,14,23,9
Q1701,12604,12026,391,0.03102189781,0,0,151,1,37,3,91,13,8,35,2,0,1,3,3,9,19,15
Q1801,11340,10171,875,0.07716049383,0,0,350,7,124,14,173,30,22,53,2,1,1,13,7,14,53,11
Q1901,11828,10281,1185,0.1001859993,1,1,465,12,147,21,252,47,35,79,3,3,0,12,3,16,70,18
Q1902,4726,3920,651,0.1377486246,0,0,256,4,95,8,120,30,20,56,0,1,0,4,7,4,39,7
Q2001,12281,11793,329,0.0267893494,1,0,121,2,36,6,64,4,2,40,1,0,0,6,1,14,15,16
Q2101,11651,11149,314,0.02695047635,0,0,126,0,24,2,64,13,5,28,2,1,0,3,3,16,16,11
Q2201,10094,9107,742,0.07350901526,0,1,284,5,115,21,124,24,23,44,0,4,1,12,4,14,54,12
Q2301,12339,11455,627,0.05081449064,0,0,254,5,61,8,145,26,5,45,5,0,0,5,1,11,34,22
Q2401,12529,12166,147,0.01173277995,1,0,54,0,2,0,30,0,2,16,1,0,0,2,2,8,16,13
Q2501,11560,10861,496,0.04290657439,0,1,183,2,53,5,114,6,11,36,6,1,2,6,4,14,34,18
Q2601,2767,2249,430,0.1554029635,0,0,160,5,60,18,66,23,11,38,3,3,1,2,1,1,31,7
Q2602,10569,8885,1131,0.1070110701,0,0,428,18,169,25,178,54,43,61,7,2,1,15,7,22,84,17
R0101,8046,6639,1187,0.1475267214,0,0,500,20,106,83,216,67,34,57,4,3,1,9,9,14,44,20
R0102,1605,1303,277,0.1725856698,0,0,130,3,22,13,45,12,7,15,2,1,1,0,2,4,17,3
R0201,7988,7648,190,0.02378567852,0,0,71,2,14,3,29,3,2,21,1,0,0,2,1,15,14,12
R0301,11499,11144,197,0.01713192452,0,0,90,1,18,0,20,2,1,28,0,0,0,0,0,17,14,6
R0401,9083,7618,1247,0.1372894418,0,1,609,9,105,35,246,38,28,78,5,3,1,6,6,13,57,7
R0501,8638,7461,947,0.1096318592,0,0,440,13,81,28,196,34,20,60,4,0,1,5,5,10,43,7
R0601,4552,4055,361,0.07930579965,0,0,159,4,26,16,75,3,7,36,2,0,1,2,0,4,20,6
R0602,3724,3109,542,0.1455424275,0,0,258,17,39,35,76,18,14,29,2,3,1,4,9,9,20,8
R0701,10082,9713,213,0.02112676056,0,1,97,0,20,3,32,5,1,12,2,0,0,5,1,7,21,6
R0801,11629,11128,367,0.03155903345,0,1,147,0,45,12,63,6,6,39,2,0,0,10,0,14,16,6
R0901,10627,10063,293,0.0275712807,0,0,130,2,31,5,44,4,10,26,1,0,0,4,1,11,17,7
R1001,9165,8468,492,0.05368248773,0,0,185,10,62,29,66,29,16,27,4,2,2,3,7,13,24,13
R1101,5886,5723,95,0.0161399932,0,0,43,0,9,0,9,0,1,6,0,0,1,4,1,11,6,4
R1201,11554,10650,704,0.06093127921,1,0,273,13,39,48,123,28,14,64,5,3,3,13,8,17,38,14
R1301,3187,2960,157,0.04926262943,0,0,71,0,17,5,27,0,4,12,0,0,2,1,2,5,9,2
R1302,8414,8009,301,0.03577371048,0,0,100,2,27,10,66,5,5,50,1,0,0,2,0,6,18,9
R1401,8384,7950,252,0.03005725191,0,0,106,6,14,22,38,9,5,7,2,2,0,5,5,10,9,12
R1501,5484,4375,856,0.1560904449,0,0,294,13,144,54,121,60,40,35,6,4,1,7,9,11,49,8
R1601,12147,11399,549,0.04519634478,0,0,228,5,46,12,119,11,17,44,3,0,1,4,4,21,18,16
R1602,1979,1454,459,0.2319353209,0,1,110,18,46,101,71,38,12,13,2,0,0,5,11,9,15,7
R1701,8706,8401,172,0.01975648978,0,0,70,0,16,3,25,2,2,26,0,0,0,3,0,6,6,13
R1801,9813,9339,321,0.03271170896,0,0,164,3,25,3,47,6,5,24,2,0,0,3,4,10,20,5
R1901,10477,10067,280,0.0267252076,0,0,127,1,27,4,44,12,1,30,1,0,0,6,2,8,10,7
R1902,1862,1701,117,0.06283566058,0,0,57,1,10,3,22,1,4,10,0,0,0,0,0,4,1,4
R2001,7335,6526,659,0.08984321745,0,0,282,9,54,17,136,36,14,52,4,0,0,7,6,13,22,7
R2002,919,759,140,0.1523394995,0,0,40,4,14,28,11,7,3,7,2,2,2,2,4,6,7,1
R2101,8074,7049,866,0.1072578648,0,2,360,10,69,60,147,40,26,53,5,5,1,10,13,14,35,16
R2201,7926,6805,903,0.1139288418,0,1,336,28,90,63,135,42,34,51,8,4,1,7,17,18,52,16
R2301,1700,1282,385,0.2264705882,0,0,199,18,11,37,36,9,6,10,3,3,0,7,15,6,22,3
R2302,4683,3394,1152,0.2459961563,0,0,428,25,101,153,143,101,64,37,4,4,1,8,8,21,49,5
R2401,11580,10063,1210,0.1044905009,0,0,540,15,89,80,189,81,40,62,2,5,0,6,6,15,66,14
R2501,12285,11187,882,0.07179487179,0,0,383,7,67,28,161,27,18,75,1,1,2,12,5,22,53,20
R2601,9438,7772,1377,0.145899555,0,1,592,11,157,40,264,75,29,92,2,0,0,8,5,10,78,13
R2801,13493,12164,1079,0.0799673905,0,2,465,11,96,55,197,50,25,70,3,0,0,14,9,18,42,22
R2901,15121,13231,1417,0.09371073342,0,0,603,11,128,70,237,75,46,89,3,4,0,11,9,27,81,23
R3001,6995,6496,348,0.0497498213,0,0,163,0,25,6,71,9,6,27,1,0,0,3,1,6,23,7
R3002,3782,3159,498,0.1316763617,1,0,222,5,48,3,119,16,10,33,2,0,0,3,3,5,24,4
R3101,13497,12843,503,0.03726754094,0,0,195,2,52,12,106,4,5,57,2,1,0,7,2,21,21,16
R3201,9385,8993,304,0.03239211508,0,0,116,0,32,10,61,0,3,37,1,0,0,4,0,11,19,10
R3202,6011,5666,285,0.04741307603,0,0,114,5,21,9,63,5,2,25,2,0,0,3,0,7,21,8
R3301,9991,8633,1091,0.1091982785,0,0,477,10,112,44,195,47,25,81,0,1,1,7,4,12,62,13
R3401,10661,9918,550,0.05158990714,0,0,246,4,34,6,122,11,10,46,2,0,1,6,5,11,36,10
R3402,2706,2605,20,0.007390983001,0,0,8,0,1,0,4,0,0,3,1,0,0,0,0,1,2,0
R3501,9838,8766,889,0.0903638951,1,0,384,8,89,16,179,42,17,57,6,0,0,8,2,16,52,12
R3601,6595,5317,1103,0.1672479151,0,0,491,18,76,49,196,64,39,67,6,6,0,12,8,11,54,6
R3602,2222,2162,17,0.007650765077,0,0,9,0,0,0,3,0,0,1,0,0,0,1,0,1,1,1
R3701,10493,9198,1056,0.1006385209,0,1,454,6,82,53,212,50,28,80,4,1,0,6,5,15,43,16
R3801,9210,8817,282,0.03061889251,0,0,88,1,28,7,70,6,5,29,1,0,0,5,4,13,16,9
S0101,9740,9022,520,0.05338809035,0,1,222,3,72,10,87,15,6,36,5,0,0,5,5,17,26,10
S0201,14281,13889,160,0.01120369722,0,1,63,1,14,1,16,3,0,18,0,0,0,1,0,13,13,16
S0301,6282,6079,102,0.01623686724,0,0,51,0,6,1,17,1,0,15,0,0,0,0,0,5,6,0
S0401,9372,9020,233,0.02486128895,0,0,96,0,33,6,36,1,8,22,0,1,0,2,1,9,13,5
S0501,8717,8460,88,0.01009521624,0,0,31,0,8,0,10,0,3,8,0,0,0,5,0,11,6,6
S0601,6109,5874,70,0.01145850385,0,0,22,0,3,0,27,0,1,5,1,0,0,1,0,3,5,2
S0602,3614,3508,41,0.01134477034,0,0,20,1,1,0,3,0,0,8,0,0,2,1,1,2,1,1
S0701,11568,11084,286,0.02472337483,1,0,114,2,31,3,52,4,1,35,1,1,0,1,0,9,26,5
S0801,9453,9178,169,0.01787792235,0,0,84,0,12,0,22,2,2,8,0,0,0,3,1,17,14,4
S0901,9590,9249,219,0.0228362878,0,1,89,1,22,1,41,5,4,24,1,0,0,3,1,12,6,8
S1001,12908,12524,142,0.01100092966,0,0,56,1,12,1,15,2,1,19,3,1,0,6,1,8,8,8
S1101,9014,8481,359,0.03982693588,0,0,154,5,38,14,53,9,11,25,2,0,0,2,8,8,16,14
S1201,10524,10207,185,0.01757886735,1,0,88,1,20,0,19,0,1,20,2,0,0,3,2,12,10,6
S1301,2704,2180,468,0.1730769231,0,1,150,16,36,60,58,29,26,24,1,3,2,2,22,11,23,4
S1302,1067,891,160,0.1499531396,0,0,68,2,20,4,39,3,6,8,2,0,0,1,1,2,4,0
S1303,4944,4785,91,0.01840614887,0,0,43,0,5,0,9,4,2,7,2,0,0,2,1,3,6,7
S1401,7844,7240,457,0.05826109128,0,0,210,5,46,10,87,7,17,29,2,0,0,2,3,11,14,14
S1501,8459,7734,544,0.06431020215,0,1,226,4,65,4,107,27,15,39,2,2,1,4,2,15,21,9
S1601,6594,5890,555,0.08416742493,0,1,225,8,66,12,95,22,17,43,0,0,0,3,3,12,31,17
S1701,8224,7875,225,0.02735894942,0,0,84,0,27,2,42,4,11,24,0,0,0,6,0,6,13,6
S1801,10721,10399,192,0.01790877717,0,0,78,2,19,3,23,2,4,25,1,0,0,5,2,12,14,2
S1901,7993,7679,229,0.02865006881,0,0,78,3,35,3,39,2,3,29,0,0,0,1,2,8,20,6
S1902,8819,7668,1000,0.113391541,0,1,366,18,143,40,161,72,34,63,3,1,0,9,8,12,54,15
S2001,8136,6894,1097,0.1348328417,0,1,383,25,177,49,162,75,51,47,2,5,2,10,10,20,68,10
S2101,10597,9904,498,0.04699443239,0,1,209,7,50,8,84,10,18,49,3,0,0,6,2,15,22,14
S2201,2379,2162,148,0.06221101303,1,0,70,0,7,4,23,5,1,6,1,1,0,3,2,4,11,9
S2202,9517,8357,951,0.09992644741,0,0,375,8,122,10,189,32,31,75,5,2,1,7,5,27,54,8
S2301,4820,4696,63,0.01307053942,0,0,23,0,4,0,11,0,1,9,1,0,0,0,0,6,5,3
S2302,5828,5539,202,0.03466026081,0,1,103,0,14,5,30,2,4,12,1,0,1,1,0,10,9,9
S2401,6870,6698,83,0.01208151383,0,0,31,0,10,1,13,1,0,11,0,1,0,0,0,4,11,0
S2402,4463,4220,176,0.03943535738,0,0,82,1,15,4,34,4,6,13,0,0,0,0,0,5,10,2
S2501,7619,7373,164,0.02152513453,0,0,73,1,17,1,26,0,4,21,1,0,0,0,1,6,11,2
S2601,1674,1397,216,0.1290322581,0,1,85,4,33,4,31,10,6,13,2,0,0,0,2,3,17,5
S2602,6939,6744,63,0.009079118029,0,0,23,0,3,0,9,0,4,4,1,0,0,1,1,5,7,5
S2701,10194,9708,357,0.03502060035,0,0,149,4,34,6,65,18,6,34,2,1,0,4,4,4,20,6
S2801,7332,7012,226,0.03082378614,0,1,95,1,29,3,50,2,1,17,0,0,1,1,0,5,12,8
S2901,9843,9467,295,0.02997053744,0,0,106,3,34,6,63,5,7,23,0,1,0,2,1,15,18,11
T0101,1818,1715,74,0.04070407041,2,1,32,1,1,0,7,0,0,8,0,0,0,0,0,1,3,18
T0102,72,71,2,0.02777777778,0,0,1,0,0,0,0,0,0,0,0,0,0,0,1,0,0,0
T0103,41,30,0,0,0,0,0,0,0,0,0,0,0,0,0,0,0,0,0,0,0,0
T0104,882,826,37,0.04195011338,1,0,16,2,0,0,4,2,2,0,1,0,0,0,0,1,0,8
T0105,64,60,2,0.03125,0,0,0,0,0,0,0,0,0,0,0,0,0,0,0,0,0,2
T0106,45,43,1,0.02222222222,0,0,1,0,0,0,0,0,0,0,0,0,0,0,0,0,0,0
T0107,2802,2628,141,0.05032119914,4,0,62,8,6,1,19,3,3,11,3,0,0,3,0,2,2,14
T0108,411,376,25,0.06082725061,0,0,7,3,1,0,1,0,1,3,0,0,1,0,0,2,5,1
T0109,974,898,65,0.06673511294,0,0,20,5,4,5,8,3,6,4,2,1,0,1,0,0,0,6
T0201,9135,8880,75,0.008210180624,0,0,32,0,2,2,9,1,1,3,1,0,0,1,0,10,9,4
T0301,11368,11048,123,0.01081984518,0,0,60,0,5,2,22,0,1,11,1,0,0,2,0,4,11,4
T0401,7764,6715,813,0.1047140649,0,1,285,38,130,24,111,43,39,29,15,5,0,11,6,18,49,9
T0501,10793,10052,537,0.04975447049,0,0,202,9,64,13,93,33,27,33,2,2,1,4,4,5,32,13
T0601,4464,3705,663,0.1485215054,0,3,187,86,88,20,64,54,59,24,8,8,5,11,2,8,29,7
T0701,3697,3500,137,0.0370570733,1,0,50,5,8,1,15,4,1,7,0,0,0,5,2,3,6,29
T0801,2194,2016,134,0.06107566089,1,1,57,3,10,6,16,4,6,8,1,0,0,2,1,1,3,14
T0802,207,190,13,0.06280193237,0,0,3,0,0,0,2,0,0,0,0,1,0,1,0,0,1,5
T0901,4080,3884,136,0.03333333333,4,0,57,0,4,1,23,0,2,12,1,0,0,1,0,3,5,23
T0902,2139,1968,133,0.06217858813,2,0,82,1,4,2,16,1,0,8,1,0,1,2,0,0,1,12
T1001,2423,2246,126,0.05200165085,2,0,55,0,5,2,17,2,2,6,1,1,0,4,0,3,5,21
T1002,3266,3143,92,0.02816901408,1,0,33,2,11,1,10,0,1,7,4,0,0,1,0,2,2,17