,,18-20歲,21-25歲,26-30歲,31-35歲,36-40歲,41-45歲,46-50歲,51-55歲,56-60歲,61-65歲,66-70歲,71歲或以上,總數 TOTAL:
A0101,專業聯合中心,43,64,114,119,143,199,221,257,220,190,99,242,1911
A0102,香港公園體育館,50,94,97,134,194,205,267,340,334,355,162,223,2455
A0201,高主教書院,137,184,240,270,462,579,863,859,696,476,265,490,5521
A0401,德國瑞士國際學校,21,27,33,24,40,52,107,130,112,107,44,69,766
A0501,聖士提反女子中學附屬小學,147,270,262,341,487,578,853,904,764,628,293,567,6094
A0601,香港基督教女青年會西環綜合社會服務處,112,159,210,309,446,348,472,470,454,374,177,454,3985
A0701,士美非路體育館,20,227,257,312,368,356,518,534,526,473,264,724,4579
A0801,堅尼地城社區綜合大樓 (綜合用途室),143,292,309,363,485,531,633,703,628,505,222,533,5347
A0901,聖雅各福群會寶翠園幼兒中心,121,231,259,334,434,517,681,596,548,430,236,514,4901
A1001,石塘咀體育館,138,271,384,426,424,438,516,657,690,665,343,733,5685
A1101,中西區及離島區社會保障辦事處,29,68,96,88,79,114,149,151,176,148,72,162,1332
A1102,中山紀念公園體育館,19,64,91,76,87,100,112,157,175,132,57,130,1200
A1201,上環郵政局,82,126,204,224,289,247,291,366,368,307,163,321,2988
A1301,新會商會學校,24,53,72,94,111,103,186,185,152,128,55,150,1313
A1302,聖公會聖馬太小學,57,120,143,154,218,219,297,293,228,264,114,251,2358
A1401,基督教香港崇真會救恩堂及救恩學校,83,183,228,240,317,342,465,486,495,357,171,367,3734
A1501,李陞小學,97,166,218,226,258,281,419,422,396,350,168,355,3356
B0101,軒尼詩道官立小學,72,148,177,232,333,222,381,372,403,354,212,571,3477
B0201,鄧肇堅維多利亞官立中學,51,101,169,182,200,208,238,301,289,322,156,424,2641
B0301,灣仔學校,62,110,157,178,288,284,376,385,459,448,221,459,3427
B0401,灣仔區文娛康樂體育會,42,94,185,189,255,259,301,322,331,359,256,593,3186
B0501,港灣婦女會,63,86,121,192,278,335,382,410,309,267,153,376,2972
B0601,中華基督教會公理高中書院,61,126,124,146,254,323,486,547,428,322,121,254,3192
B0701,禮頓山社區會堂,49,109,136,186,198,274,435,473,432,319,135,250,2996
B0801,黃泥涌體育館,41,51,111,210,313,336,324,300,319,306,152,415,2878
B0901,瑪利曼中學,15,22,24,26,65,71,97,89,124,116,63,125,837
B0902,寶血小學,11,22,22,40,45,54,77,87,98,85,39,85,665
B1001,灣仔郵政局,31,76,79,101,142,156,204,237,200,207,94,230,1757
B1101,循道衛理中心,53,111,153,150,194,239,282,303,295,313,219,535,2847
C0101,東區少年警訊會所,72,135,153,173,205,239,324,362,376,327,140,280,2786
C0201,太古城郵政局,72,133,117,156,257,291,334,451,413,385,155,301,3065
C0202,地利亞 (加拿大) 學校,132,263,275,393,528,546,749,804,751,687,311,599,6038
C0301,西灣河健康中心,95,173,166,276,406,495,637,608,434,313,152,298,4053
C0401,中華基督教會基灣小學 (愛蝶灣),138,241,350,379,495,477,521,593,611,553,378,1017,5753
C0501,筲箕灣郵政局,95,180,198,207,181,231,343,365,331,321,140,283,2875
C0601,愛秩序灣官立小學,63,121,124,247,462,428,305,257,258,263,135,248,2911
C0602,筲箕灣官立小學,61,140,190,195,243,217,296,328,399,335,360,371,3135
C0701,嶺南中學,242,306,296,337,532,743,1261,1277,796,468,196,423,6877
C0801,聖公會李福慶中學,143,201,305,254,238,287,504,615,416,393,202,613,4171
C0901,福建中學 (小西灣),140,203,223,286,535,732,928,753,486,350,199,377,5212
C1001,小西灣社區會堂,155,348,388,284,225,300,577,717,686,540,267,595,5082
C1101,培僑小學,192,256,236,324,401,702,991,830,627,506,306,708,6079
C1201,救世軍中原慈善基金學校,96,207,311,251,221,244,337,484,523,449,251,615,3989
C1301,文理書院 (香港),103,215,224,189,230,229,403,483,491,414,306,725,4012
C1401,鰂魚涌體育館,125,235,319,371,415,461,555,585,566,590,407,735,5364
C1501,閩僑中學,97,159,165,202,330,388,541,623,529,488,200,371,4093
C1601,蒙特梭利國際學校,22,44,57,86,114,129,111,167,144,130,76,121,1201
C1602,香港真光中學,28,64,109,105,154,138,115,199,170,297,204,505,2088
C1701,聖公會聖米迦勒小學,65,130,147,179,252,248,362,350,356,300,151,309,2849
C1801,皇仁書院,69,125,188,193,221,251,323,327,324,379,190,416,3006
C1901,銅鑼灣社區中心,77,152,225,310,389,403,410,446,390,534,236,601,4173
C2001,渣華道體育館,112,210,295,326,403,376,427,487,458,686,458,770,5008
C2002,顯理中學,150,340,503,539,632,636,795,745,840,905,576,883,7544
C2101,蘇浙小學,52,113,164,203,278,265,290,281,293,279,202,295,2715
C2201,香港遊樂場協會賽馬會北角港運城青少年綜合服務中心,61,87,110,114,143,215,259,307,225,187,88,182,1978
C2301,啓基學校 (港島),122,246,320,355,479,474,561,566,606,601,300,617,5247
C2401,丹拿山循道學校,66,107,117,119,191,245,319,360,272,269,199,624,2888
C2501,北角官立小學,78,168,180,239,251,264,359,395,413,323,213,454,3337
C2601,鰂魚涌社區會堂,109,175,273,425,473,472,595,580,523,540,326,653,5144
C2701,佛教中華康山學校,78,138,169,216,328,375,479,527,444,377,171,280,3582
C2801,太古小學,173,279,268,349,436,506,827,998,739,512,235,536,5858
C2901,青松興東幼稚園,116,179,183,161,175,213,324,344,382,376,182,326,2961
C2902,東熹苑逸熹閣B座地下,71,127,164,178,232,350,462,432,342,411,178,394,3341
C3001,西灣河體育館,173,276,422,499,522,456,798,731,674,680,303,819,6353
C3101,勵志會梁李秀娛紀念小學,133,222,192,159,181,255,416,442,408,384,213,423,3428
C3102,筲箕灣街坊福利事務促進會,60,100,133,134,131,150,244,273,213,152,81,178,1849
C3201,循道愛華村服務中心社會福利部 - 愛華青少年綜合服務隊 (耀,159,220,226,106,93,97,287,397,383,286,177,310,2741
C3301,粵南信義會腓力堂興民幼兒學園,51,109,125,150,151,149,206,270,271,293,147,364,2286
C3302,路德會聖雅各幼稚園,85,163,164,103,64,110,232,298,256,208,116,315,2114
C3401,天主教明德學校,113,234,210,208,194,257,449,647,504,326,127,380,3649
C3501,柴灣母嬰健康院,92,146,162,184,196,215,361,379,289,203,69,142,2438
C3601,漁灣社區會堂,177,323,347,379,406,462,781,856,684,598,383,885,6281
C3701,香港中華基督教青年會 - 柴灣會所,101,236,261,176,145,170,291,480,395,259,185,378,3077
D0101,香港仔體育館,207,268,394,443,433,570,757,766,590,499,233,429,5589
D0201,鴨脷洲社區會堂,109,183,218,234,224,236,372,346,438,532,381,821,4094
D0301,鴨脷洲體育館,98,141,172,158,254,419,490,437,274,150,88,212,2893
D0302,香港真光書院,105,186,169,156,231,206,398,475,308,201,75,140,2650
D0401,聖伯多祿天主教小學,34,195,445,424,205,117,168,385,559,474,222,287,3515
D0501,利東社區會堂,58,153,339,209,143,144,224,434,474,330,215,632,3355
D0601,香港南區官立小學,155,196,191,267,388,547,1025,848,525,362,122,255,4881
D0701,海怡社區中心,183,264,233,233,366,588,1031,1062,562,363,127,253,5265
D0801,華貴社區會堂,149,314,339,292,299,329,607,714,588,462,309,944,5346
D0901,明愛莊月明中學,84,149,177,105,206,231,256,319,362,336,264,849,3338
D1001,明德學院,100,223,216,144,213,283,338,402,398,416,318,715,3766
D1101,明愛胡振中中學,17,29,35,27,35,67,115,114,139,109,38,56,781
D1102,上碧瑤灣遊樂場,20,45,63,44,114,121,161,178,198,173,76,83,1276
D1103,數碼港郵政局,22,40,40,71,116,157,190,164,121,106,35,33,1095
D1201,職業訓練局展亮技能發展中心 (薄扶林),6,17,18,11,24,22,36,48,43,38,12,45,320
D1202,置富南區會堂,137,253,287,294,343,463,732,710,641,656,245,496,5257
D1301,明愛賽馬會香港仔服務中心,26,63,91,98,103,135,136,122,102,82,48,90,1096
D1302,聖公會田灣始南小學,100,153,169,155,188,246,383,369,338,315,179,504,3099
D1401,香港仔聖伯多祿天主教小學,129,315,349,298,323,339,473,587,567,545,397,1203,5525
D1501,香港仔網球及壁球中心,45,47,85,95,127,145,155,131,125,106,105,243,1409
D1502,新會商會陳白沙紀念中學,79,105,160,247,460,373,441,360,279,285,182,385,3356
D1601,南島中學,14,19,37,26,52,49,102,113,115,100,45,62,734
D1602,香港國際學校,11,22,28,37,55,77,110,146,134,144,61,71,896
D1701,赤柱社區會堂,52,134,160,160,302,347,445,460,378,304,138,269,3149
D1702,石澳健康院,13,19,23,29,36,62,79,109,64,55,28,100,617
E0101,仁愛堂陳鄭玉而幼稚園,46,76,98,150,258,328,375,281,246,204,83,93,2238
E0201,九龍公園體育館,49,80,115,161,215,232,258,236,210,225,172,359,2312
E0301,佐敦道官立小學,88,181,274,310,401,342,366,389,417,429,326,678,4201
E0401,梁顯利油麻地社區中心,122,175,271,330,396,401,527,538,484,461,302,644,4651
E0501,油蔴地天主教小學 (海泓道),82,131,181,317,579,646,599,466,348,348,281,527,4505
E0601,旺角社區會堂,99,202,255,227,244,263,292,347,383,346,218,454,3330
E0701,保良局陳守仁小學,185,253,210,308,598,609,676,554,457,341,244,701,5136
E0801,香港保護兒童會中銀幼兒學校,40,49,115,289,420,399,390,263,185,116,80,133,2479
E0901,路德會沙崙學校,90,144,187,162,194,151,201,273,277,240,141,351,2411
E1001,大角嘴天主教小學,91,210,243,339,314,272,303,405,378,388,203,471,3617
E1101,中華基督教會基全小學,101,164,245,454,513,512,418,354,278,264,184,377,3864
E1201,鮮魚行學校,131,211,268,295,315,303,435,439,466,419,239,593,4114
E1301,聖公會基榮小學,47,91,124,139,190,137,172,220,226,231,131,309,2017
E1401,界限街二號體育館,76,145,197,197,255,261,288,309,304,335,235,590,3192
E1501,優才書院,59,107,135,161,186,169,210,240,240,240,181,471,2399
E1601,東華三院羅裕積小學,66,110,163,196,217,202,240,267,291,247,146,383,2528
E1602,油蔴地街坊會學校,42,60,88,116,176,205,274,239,178,154,96,145,1773
E1701,嘉諾撒聖瑪利學校,45,90,154,216,288,283,301,325,361,339,234,469,3105
F0101,保安道體育館,110,168,185,176,221,238,431,481,368,273,179,455,3285
F0201,福榮街官立小學,116,247,276,263,266,331,445,494,429,281,171,340,3659
F0301,聖方濟各英文小學,108,187,255,249,249,220,321,407,380,356,189,445,3366
F0401,石硤尾社區會堂,126,230,258,213,191,218,394,499,553,404,338,906,4330
F0501,深水埔街坊福利事務促進會,108,250,254,241,278,234,327,411,438,407,218,492,3658
F0601,北河街體育館,71,159,184,209,199,247,289,342,331,298,188,479,2996
F0701,南昌社區中心,84,194,250,163,167,185,269,402,377,260,159,459,2969
F0801,英華書院,226,308,325,132,128,200,436,488,587,368,339,895,4432
F0901,麗閣社區會堂,106,189,222,191,265,270,506,582,493,479,334,1188,4825
F1001,旅港開平商會學校,80,114,134,118,161,194,275,271,265,229,141,602,2584
F1101,聖公會聖馬利亞堂莫慶堯中學,235,365,389,491,509,523,648,697,690,454,219,393,5613
F1201,美孚新邨孚佑堂,101,186,309,376,504,500,511,588,509,554,358,688,5184
F1301,博愛醫院美孚荔灣街坊會梁之潛伉儷長者健康支援及進修中心,88,183,247,322,449,335,383,483,459,478,297,647,4371
F1401,荔枝角公園體育館,111,157,240,349,526,488,460,464,497,523,257,594,4666
F1501,荔枝角社區會堂,71,105,193,643,1044,776,672,470,216,154,97,143,4584
F1601,五邑工商總會學校,67,110,143,168,165,211,249,294,219,132,66,149,1973
F1602,長沙灣體育館,121,245,279,232,321,360,437,488,449,480,483,1697,5592
F1701,長沙灣社區中心,94,236,301,275,238,308,458,578,551,409,307,1021,4776
F1801,白田社區會堂,179,268,196,155,183,227,424,509,571,369,291,878,4250
F1901,聖母玫瑰書院,116,132,127,219,302,337,532,520,419,234,97,198,3233
F2001,大坑東社區中心,108,162,213,196,213,258,434,496,483,443,363,1325,4694
F2101,白田邨13座地下3-4號,78,109,111,69,80,95,175,232,267,227,132,319,1894
F2102,香港城市大學澤安中心,36,86,138,126,146,181,243,337,327,273,193,327,2413
G0101,馬頭涌官立小學,117,201,224,252,286,322,481,511,498,483,315,961,4651
G0201,土瓜灣體育館,161,244,297,354,457,475,613,586,450,384,222,485,4728
G0301,保良局林文燦英文小學,76,168,202,165,230,228,285,312,329,327,210,434,2966
G0401,中華基督教會灣仔堂基道小學 (九龍城),88,182,248,190,259,291,363,379,413,444,421,1151,4429
G0402,新亞中學,86,111,128,148,249,313,422,391,255,194,120,306,2723
G0501,佛光街體育館,75,103,86,96,179,251,281,261,212,197,203,617,2561
G0502,循道衛理楊震社會服務處何文田青少年綜合發展中心,66,102,94,94,122,164,213,197,200,185,198,567,2202
G0601,余振強紀念中學,80,136,142,155,326,328,460,431,364,285,193,389,3289
G0602,何文田官立中學,50,60,72,101,141,167,217,243,213,195,126,352,1937
G0701,明愛九龍社區中心,28,57,68,111,137,186,166,201,200,217,98,194,1663
G0702,九龍總商會,44,100,133,213,238,244,254,262,267,246,207,336,2544
G0801,喇沙小學,102,130,166,187,298,396,477,497,431,338,182,381,3585
G0901,九龍塘官立小學,80,117,125,171,365,441,456,448,276,246,154,343,3222
G0902,九龍方方樂趣幼稚兒園,12,31,32,34,28,32,44,69,83,64,21,69,519
G1001,九龍城體育館,64,137,142,174,208,261,282,323,285,268,154,429,2727
G1101,聖三一堂小學,63,142,179,327,466,385,382,323,243,277,180,346,3313
G1201,聖匠小學,98,181,257,267,313,247,305,336,417,537,333,701,3992
G1301,土瓜灣市政大廈室內羽毛球場,49,111,124,152,188,165,175,219,226,301,240,446,2396
G1501,博愛醫院任永賢夫人幼稚園 / 幼兒中心,73,113,126,122,249,308,407,384,288,162,78,120,2430
G1601,葛量洪校友會黃埔學校,184,304,313,314,506,575,849,916,714,539,241,441,5896
G1701,馬頭涌官立小學 (紅磡灣),121,234,290,427,720,597,610,648,499,421,241,345,5153
G1801,聖公會聖匠堂長者地區中心,56,84,110,134,147,147,174,184,195,215,134,302,1882
G1901,紅磡市政大廈體育館,109,215,296,294,328,359,431,541,556,602,388,883,5002
G2001,天神嘉諾撒學校,174,234,276,316,329,313,507,527,605,583,569,967,5400
G2101,聖公會聖三一堂中學,119,171,243,183,229,191,246,269,427,480,407,681,3646
G2201,路德會包美達社區中心,143,251,295,314,530,577,639,591,566,580,416,939,5841
H0101,黃大仙社區中心,182,285,292,239,298,393,674,704,498,420,289,1009,5283
H0201,聖公會基德小學,142,241,302,304,352,395,613,692,510,450,250,929,5180
H0301,龍翔官立中學,101,191,167,113,132,200,354,419,342,312,258,948,3537
H0401,聖文德書院,151,212,210,236,289,293,464,451,314,215,158,264,3257
H0501,鳳德社區中心,212,307,471,467,210,848,1047,945,586,427,367,875,6762
H0502,蒲崗村道體育館,70,115,160,123,134,174,308,293,245,181,128,445,2376
H0601,香港小童群益會賽馬會慈雲山青少年綜合服務中心,156,305,249,196,177,191,503,799,431,247,149,405,3808
H0701,保良局何壽南小學,73,107,129,145,221,211,238,219,200,233,126,333,2235
H0702,嘉諾撒小學 (新蒲崗),95,141,193,208,379,462,370,360,293,233,144,293,3171
H0801,天主教伍華中學,127,223,242,223,321,271,502,544,443,326,291,702,4215
H0901,東頭社區中心,68,130,157,144,152,156,210,239,222,244,178,572,2472
H1001,香港傷殘青年協會 (賽馬會活動中心),72,131,150,142,167,217,293,334,284,206,166,624,2786
H1002,華德學校,61,107,89,87,101,145,212,224,229,184,144,405,1988
H1101,中華基督教會扶輪中學,58,117,128,93,86,99,195,235,210,156,116,406,1899
H1102,香港青年協會賽馬會橫頭磡青年空間,74,114,158,135,199,205,320,314,243,202,148,583,2695
H1201,天主教博智小學,108,199,238,225,188,168,387,624,464,277,157,309,3344
H1202,潔心林炳炎中學,113,171,187,156,257,281,474,494,360,310,203,552,3558
H1301,嗇色園主辦可德幼稚園,71,156,153,157,167,182,236,293,227,238,188,406,2474
H1302,翠竹商場5樓,134,246,240,251,246,219,401,560,419,306,212,321,3555
H1401,竹園社區中心,48,94,117,102,96,110,172,252,282,245,199,704,2421
H1402,浸信會天虹小學,69,122,156,130,80,106,178,245,284,245,115,345,2075
H1501,竹園體育館,104,266,374,367,362,464,529,650,562,480,405,989,5552
H1601,慈雲山 (南區) 社區中心,275,406,312,206,191,331,553,682,551,496,349,901,5253
H1701,肖霞幼稚園,164,176,237,315,539,666,815,623,405,352,208,434,4934
H1801,慈雲山聖文德天主教小學,354,481,304,196,208,361,577,754,562,483,301,1114,5695
H1901,中華基督教會協和書院,247,368,303,207,229,348,579,588,492,361,203,583,4508
H2001,聖公會基心小學 (舊址),149,226,217,366,281,290,480,578,588,522,337,804,4838
H2101,保良局百周年學校,175,284,199,201,348,420,569,557,391,353,219,398,4114
H2201,香港幼稚園協會幼兒學校,123,217,203,192,184,168,283,338,378,369,289,598,3342
H2301,彩雲社區中心,152,214,217,214,193,192,342,429,413,354,246,619,3585
H2401,佛教孔仙洲紀念中學,179,271,407,447,556,579,938,852,545,439,236,613,6062
H2402,中華基督教會基華小學,50,112,115,91,112,126,183,265,264,252,186,864,2620
H2501,聖公會日修小學,94,181,156,114,100,139,282,295,339,287,240,887,3114
J0101,觀塘社區中心,75,168,242,172,168,201,286,373,310,298,245,669,3207
J0201,德福花園社區會堂,135,192,223,374,520,447,569,519,381,291,136,277,4064
J0301,啓業社區會堂,77,130,193,145,160,154,199,298,391,407,338,919,3411
J0401,仁濟醫院羅陳楚思中學,159,417,499,322,314,355,582,1001,857,518,295,650,5969
J0501,聖公會聖約翰小學,101,146,191,170,197,204,325,326,336,347,437,1231,4011
J0601,佐敦谷聖若瑟天主教小學,125,221,194,202,403,442,472,529,479,461,369,620,4517
J0701,振華道體育館,24,57,110,119,70,78,104,161,229,142,64,124,1282
J0702,瑪利諾中學,60,129,153,140,156,221,256,311,248,266,201,483,2624
J0703,牛頭角道體育館,64,146,151,110,153,179,246,305,321,297,205,699,2876
J0801,寧波第二中學,100,191,217,252,192,179,262,391,446,461,338,721,3750
J0901,順利社區中心,80,120,160,183,151,167,276,298,408,382,244,611,3080
J0902,中華基督教會基順學校,104,151,106,179,377,539,411,271,173,216,181,328,3036
J1001,迦密梁省德學校,87,126,188,173,152,135,175,252,376,396,313,784,3157
J1101,秀茂坪天主教小學,368,467,414,252,310,431,644,806,785,578,425,939,6419
J1201,基督教聖約教會堅樂小學,179,250,271,180,212,292,359,418,415,345,348,914,4183
J1301,路德會陳蒙恩幼稚園,137,164,223,224,257,401,542,466,382,268,208,355,3627
J1302,宣道會秀茂坪陳李詠貞幼稚園,101,121,162,180,194,331,440,372,323,239,141,318,2922
J1401,秀明小學,180,274,261,144,190,242,386,410,392,334,326,719,3858
J1402,觀塘官立小學 (秀明道),88,176,186,170,235,253,341,356,311,324,299,569,3308
J1501,聖公會德田李兆強小學,242,328,374,393,390,443,585,731,537,686,469,680,5858
J1601,藍田聖保祿中學,103,132,144,208,378,330,355,303,246,211,218,564,3192
J1701,藍田 (東區) 社區會堂,121,215,264,322,381,338,424,395,426,503,460,1024,4873
J1801,聖公會李兆強小學,221,316,279,221,293,304,465,533,466,408,354,962,4822
J1901,聖公會慈光堂聖匠幼稚園,86,129,163,175,200,259,426,395,330,256,154,347,2920
J1902,藍田 (南) 體育館,155,230,220,232,310,386,503,455,442,410,351,636,4330
J2001,保良局方王錦全幼稚園,112,138,135,205,306,353,441,329,257,225,156,352,3009
J2002,循道衛理楊震社會服務處鯉魚門晉朗綜合復康服務中心,97,155,123,68,130,202,259,284,284,213,162,459,2436
J2101,聖安當小學,190,250,250,236,268,275,388,423,395,404,258,375,3712
J2201,香港中國婦女會李樹培夫人啓知中心,131,269,326,565,814,484,537,445,370,296,313,399,4949
J2301,天主教普照中學,133,205,162,123,182,231,321,385,337,350,400,771,3600
J2302,鯉魚門體育館,14,17,48,42,54,51,58,52,48,45,23,63,515
J2401,茜草灣鄰里社區中心,274,340,303,379,632,936,1497,1351,740,435,176,285,7348
J2501,藍田 (西區) 社區中心,36,79,82,127,79,87,147,149,127,119,50,149,1231
J2502,五邑司徒浩中學,192,271,283,420,526,693,993,747,527,324,169,298,5443
J2601,天主教佑華小學,148,212,205,197,184,259,408,455,382,319,277,878,3924
J2701,觀塘瑪利諾書院,121,234,259,254,224,302,492,495,472,359,249,649,4110
J2801,地利亞修女紀念學校 (月華),101,161,213,286,323,259,329,323,357,373,339,625,3689
J2901,瑞和街體育館,68,105,141,108,112,102,156,178,189,170,109,571,2009
J2902,曉光街體育館,52,123,137,153,114,131,211,243,264,254,102,292,2076
J3001,觀塘功樂官立中學,141,219,236,270,303,365,418,493,400,361,244,492,3942
J3101,聖公會基顯小學,169,307,380,374,362,388,549,670,638,619,404,1198,6058
J3201,鄰舍輔導會白會督夫人康齡中心,73,124,101,92,103,137,230,209,255,208,165,792,2489
J3301,淘大花園聖德肋撒幼稚園,144,267,406,462,406,488,595,671,499,390,204,479,5011
J3401,聖公會基樂小學,71,163,318,269,170,154,202,294,449,526,346,732,3694
J3501,樂華社區中心,54,123,206,161,142,164,292,324,378,416,298,775,3333
K0101,雅麗珊社區中心,76,149,181,244,327,325,367,324,295,257,173,306,3024
K0201,荃灣天主教小學,132,242,378,573,635,504,597,534,473,394,271,483,5216
K0301,天主教石鐘山紀念小學,301,299,335,333,539,666,1080,954,537,351,226,368,5989
K0401,寶安商會王少清中學,81,139,150,219,247,235,352,365,302,263,228,495,3076
K0501,荃灣官立中學,102,201,217,228,269,286,383,403,425,410,417,1311,4652
K0601,荃景圍體育館,200,312,283,404,576,781,1052,872,564,325,133,307,5809
K0701,柴灣角天主教小學,164,168,272,273,284,308,418,404,399,306,211,326,3533
K0801,中華基督教會基慧小學,160,241,266,403,487,476,554,568,468,358,245,314,4540
K0802,川龍村公所,29,50,47,55,85,130,146,126,85,48,28,36,865
K0901,荃灣官立小學,228,362,342,476,630,707,977,968,718,538,231,349,6526
K1001,香港浸信會聯會小學,210,304,309,318,347,367,667,717,547,404,158,243,4591
K1101,中華基督教會基慧小學 (馬灣),57,79,191,467,685,506,386,346,294,219,125,120,3475
K1102,澳仙納幼稚園舊址,65,116,137,155,192,264,339,333,295,190,104,143,2333
K1201,深井天主教小學,156,233,315,559,683,800,955,794,596,389,186,276,5942
K1301,蕙荃體育館,155,229,268,388,424,457,602,599,535,337,198,416,4608
K1401,梨木樹社區會堂,184,232,250,226,286,364,431,477,379,386,268,491,3974
K1402,河背村村公所,30,36,68,91,97,83,121,106,80,63,19,67,861
K1501,梨木樹天主教小學,117,177,210,162,260,279,306,331,285,362,411,735,3635
K1601,香港道教聯合會圓玄學院石圍角小學,73,103,121,133,174,145,214,264,334,340,338,616,2855
K1701,荃灣信義學校,62,97,119,129,111,140,168,195,217,231,184,333,1986
K1702,荃灣公立何傳耀紀念中學,66,102,131,137,167,141,169,219,254,266,238,431,2321
L0101,屯門大會堂展覽廳,120,201,247,328,249,287,444,457,346,196,139,159,3173
L0102,青山天主教小學,19,35,53,44,55,50,63,85,66,79,43,84,676
L0201,保良局香港道教聯合會圓玄小學,175,222,260,416,435,465,679,602,502,391,228,242,4617
L0301,深培中學,100,155,196,244,207,227,352,392,358,365,138,219,2953
L0302,青松侯寶垣中學,47,60,59,193,234,181,184,117,82,44,21,29,1251
L0401,安定 / 友愛社區中心,158,237,277,354,203,200,321,498,642,578,313,544,4325
L0402,聖公會青山聖彼得堂兆麟苑幼稚園,39,57,100,171,86,90,150,187,220,226,116,123,1565
L0501,順德聯誼總會譚伯羽中學,138,201,201,261,148,246,252,338,535,556,289,405,3570
L0601,伊斯蘭學校,158,195,170,224,174,121,240,298,416,442,208,219,2865
L0602,仁濟醫院何式南小學,96,120,246,422,245,166,343,359,444,396,165,166,3168
L0701,馬錦明慈善基金馬可賓紀念中學,174,256,259,442,561,616,868,635,433,270,125,159,4798
L0801,山景社區會堂,107,131,262,308,126,165,264,406,428,354,197,357,3105
L0901,大興社區會堂,85,89,102,142,146,118,188,263,301,387,305,537,2663
L0902,仁愛堂陳黃淑芳紀念中學,78,111,298,151,86,87,165,300,310,267,193,229,2275
L1001,大興體育館,179,331,235,210,170,209,561,665,624,533,334,565,4616
L1101,中華基督教會譚李麗芬紀念中學,39,91,83,48,32,47,91,162,137,86,43,164,1023
L1102,井財街社區會堂,84,150,133,160,146,158,259,253,228,178,96,167,2012
L1201,救世軍三聖邨劉伍英學校,124,174,138,226,269,279,416,382,316,298,160,218,3000
L1202,海關訓練學校,22,36,50,58,80,107,164,151,120,69,17,47,921
L1301,入境事務學院,42,68,65,75,93,95,164,214,184,134,56,63,1253
L1302,保良局西區婦女福利會馮李佩瑤小學,77,110,140,274,380,374,444,490,397,245,127,179,3237
L1401,新屯門中心社區中心,164,224,255,406,435,455,679,575,502,361,206,242,4504
L1501,南屯門官立中學,178,203,262,382,272,421,613,551,540,401,195,223,4241
L1601,世界龍岡學校劉德容紀念小學,189,363,376,372,318,332,692,924,623,397,166,268,5020
L1701,東華三院辛亥年總理中學,145,197,239,292,144,156,239,368,440,392,214,296,3122
L1801,五邑鄒振猷學校,52,139,228,142,83,71,134,389,366,223,71,127,2025
L1802,蝴蝶灣社區中心,67,95,131,143,87,152,240,313,391,392,252,512,2775
L1901,香港路德會增城兆霖學校,87,165,165,203,222,193,300,395,344,216,90,229,2609
L1902,龍鼓灘村公所,14,18,18,25,24,31,75,52,35,22,12,21,347
L2001,中華基督教會何福堂小學,166,207,278,371,468,507,606,588,523,471,237,284,4706
L2002,仁濟醫院第二中學,7,18,12,25,40,41,54,58,53,26,21,63,418
L2101,香港紅卍字會屯門卍慈小學,173,389,427,226,157,192,490,755,632,360,186,354,4341
L2201,良景社區中心,167,515,426,253,110,158,440,786,719,379,162,310,4425
L2301,柏立基教育學院校友會何壽基學校,175,536,430,311,182,148,588,809,725,499,201,258,4862
L2401,基督教香港信義會屯門青少年綜合服務中心,32,59,109,152,190,242,306,342,397,353,218,365,2765
L2402,屯門紫田村村公所,34,44,51,62,90,87,127,119,85,68,32,62,861
L2501,建生社區會堂,159,492,401,329,281,278,693,741,584,405,207,275,4845
L2601,屯門官立小學,113,275,493,356,203,209,383,697,829,501,217,414,4690
L2701,聖公會蒙恩小學,155,326,427,347,243,265,454,654,521,299,155,198,4044
L2702,興德學校,24,45,135,243,280,206,169,143,100,64,37,31,1477
L2801,嶺南大學郭少明伉儷樓,281,487,296,237,222,290,554,738,612,405,220,342,4684
L2901,僑所公立學校,51,94,100,115,121,125,159,179,152,128,63,110,1397
L2902,屯門學校,27,65,80,78,65,89,114,146,94,81,40,65,944
L2903,屯門新村村公所,46,80,103,162,153,160,237,210,182,118,48,84,1583
M0101,元朗商會小學,167,319,346,329,310,384,513,604,489,345,224,407,4437
M0102,明愛元朗陳震夏中學,47,81,96,134,130,108,179,148,146,88,43,85,1285
M0201,基督教香港信義會元朗信義書院,115,239,299,333,326,306,351,404,439,336,296,603,4047
M0202,元朗公立中學校友會小學,60,99,164,211,289,296,313,333,199,111,53,86,2214
M0301,朗屏社區會堂,172,425,423,187,117,182,422,687,477,273,167,264,3796
M0401,元朗朗屏邨東莞學校,137,288,456,250,165,185,342,586,497,366,191,323,3786
M0501,元朗郵政局,63,137,134,162,145,161,202,222,174,155,130,258,1943
M0502,鳳琴街體育館,110,226,237,253,242,289,445,467,300,248,126,254,3197
M0601,中華基督教會基元中學,71,128,255,460,432,316,361,312,283,143,86,139,2986
M0701,元朗官立小學,11,20,27,29,55,41,50,52,50,34,30,52,451
M0702,鐘聲學校,61,131,228,294,453,348,406,376,260,199,123,243,3122
M0703,佛教榮茵學校,108,170,225,280,432,458,523,425,299,188,106,164,3378
M0801,前瑋琦幼稚園,52,68,108,116,153,150,169,190,149,114,70,145,1484
M0802,香港童軍總會蔡志明聯光童軍中心,79,149,160,204,201,232,332,341,244,170,111,194,2417
M0901,新界神召會元朗惠群天地,45,93,101,110,147,145,238,212,186,107,50,146,1580
M0902,嗇色園主辦可道中學,68,129,118,148,194,229,359,375,235,178,77,140,2250
M1001,橫洲村公所,55,99,91,105,128,163,227,201,182,77,50,133,1511
M1002,沙江公立聯益學校,16,25,31,33,62,65,85,72,73,46,24,110,642
M1003,屏山天水圍體育館,43,87,144,159,156,152,188,212,179,139,77,133,1669
M1101,榮真學校 (幼稚園),10,8,31,24,31,33,39,40,52,29,40,81,418
M1102,錫降圍村公所,51,97,135,136,145,138,184,201,153,119,62,169,1590
M1103,鄰舍輔導會屯門 / 元朗鄉郊中心,36,57,89,89,102,103,161,144,142,67,38,96,1124
M1201,伊利沙伯中學舊生會小學分校,165,238,259,253,447,560,621,576,401,256,159,304,4239
M1202,天主教培聖中學,81,94,108,117,179,269,277,231,176,103,60,87,1782
M1301,天瑞社區中心,262,423,359,254,157,250,595,750,576,390,217,328,4561
M1401,東華三院姚達之紀念小學,232,342,279,145,100,179,389,530,471,284,162,224,3337
M1501,賽馬會毅智書院,114,162,145,196,282,295,391,354,275,178,94,150,2636
M1502,東華三院李東海小學,198,284,185,75,84,139,284,366,280,181,117,321,2514
M1601,天水圍循道衛理中學,187,255,164,207,344,420,483,496,358,235,165,281,3595
M1701,香港普通話研習社科技創意小學,113,191,233,340,504,450,495,414,410,330,234,343,4057
M1801,宣道會葉紹蔭紀念小學,265,385,223,111,204,362,612,650,437,218,168,228,3863
M1901,順德聯誼總會伍冕端小學,442,546,256,155,228,456,747,772,457,239,147,154,4599
M2001,元朗公立中學校友會英業小學,323,411,195,192,274,445,626,653,460,267,119,134,4099
M2101,天晴社區會堂,136,187,175,255,397,460,521,470,351,323,235,334,3844
M2201,香港管理專業協會羅桂祥中學,167,230,254,328,549,737,886,737,596,432,254,385,5555
M2301,天水圍官立中學,169,284,231,177,145,214,439,538,439,289,157,220,3302
M2302,道慈佛社楊日霖紀念學校,139,223,204,130,101,166,354,456,351,273,161,408,2966
M2401,天耀社區中心,255,458,397,173,156,189,472,736,623,435,193,358,4445
M2501,裘錦秋中學 (元朗),187,263,231,257,310,383,641,599,520,376,176,290,4233
M2601,香港青年協會李兆基小學,105,164,227,328,401,394,476,478,363,252,119,213,3520
M2701,港澳信義會黃陳淑英紀念學校,121,176,234,262,307,378,672,710,579,400,175,284,4298
M2801,惇裕學校,29,39,31,44,55,67,98,117,113,88,59,101,841
M2802,福興里新圍青年中心,77,117,126,118,161,235,359,441,308,184,81,210,2417
M2901,聖公會錦田聖約瑟小學,62,108,156,168,185,195,311,268,248,153,100,196,2150
M3001,台山公立學校 (舊址),57,98,132,163,203,196,252,301,239,162,104,207,2114
M3101,八鄉中心小學 (石湖塘),92,172,224,274,319,396,545,575,440,272,170,446,3925
N0101,香海正覺蓮社佛教馬錦燦紀念英文中學,172,197,225,172,203,301,515,487,312,223,124,225,3156
N0201,粉嶺公立學校,41,68,56,47,53,72,132,144,114,72,51,120,970
N0202,粉嶺官立中學,62,91,171,258,326,414,421,304,157,121,41,67,2433
N0203,明愛粉嶺陳震夏中學,74,90,85,109,112,164,371,248,173,100,39,88,1653
N0301,祥華社區會堂,154,276,588,549,236,271,355,624,776,579,317,597,5322
N0401,香海正覺蓮社佛教正覺蓮社學校,309,416,405,352,332,672,935,769,658,350,264,397,5859
N0501,鳳溪廖潤琛紀念學校,340,1005,402,191,109,198,597,918,666,343,189,345,5303
N0601,香海正覺蓮社佛教普光學校,157,147,183,182,139,290,485,418,326,223,112,197,2859
N0602,路德會賽馬會雍盛綜合服務中心,246,407,305,170,222,353,535,602,439,226,161,269,3935
N0701,聖公會嘉福榮真小學,318,392,372,279,188,376,643,719,680,395,203,394,4959
N0801,金錢村何東學校,45,81,100,106,135,150,265,261,225,124,81,229,1802
N0802,建德公立學校,20,39,41,46,42,57,97,101,65,53,48,137,746
N0803,古洞公立愛華學校,26,47,65,71,105,115,146,143,125,87,68,217,1215
N0901,風采中學 (教育評議會主辦),246,224,170,180,321,423,524,532,428,317,233,401,3999
N1001,保榮路體育館,162,409,322,288,271,334,642,697,385,207,97,148,3962
N1101,彩園會堂,159,380,415,342,187,234,369,693,795,590,377,766,5307
N1201,龍琛路體育館,106,233,486,207,134,146,314,557,464,289,124,178,3238
N1202,聖公會陳融中學,134,205,188,199,159,255,417,421,305,227,89,187,2786
N1203,香海正覺蓮社佛教陳式宏學校,39,97,144,124,62,51,100,167,281,171,71,121,1428
N1401,鳳溪廖萬石堂中學,203,274,232,177,169,233,569,616,402,221,133,324,3553
N1501,打鼓嶺嶺英公立學校,12,25,24,25,32,20,46,42,42,30,20,55,373
N1503,吉澳村公所,,1,,,1,5,4,4,4,7,3,13,42
N1504,沙頭角中心小學,57,91,83,117,104,132,222,242,208,140,74,197,1667
N1505,李氏宗祠,1,,1,,1,,3,3,5,2,1,13,30
N1506,打鼓嶺社區會堂,25,18,33,35,26,45,53,70,47,44,40,83,519
N1601,天平體育館,233,683,691,288,165,193,554,877,745,412,194,278,5313
N1602,聯和墟社區會堂,134,164,182,227,331,530,504,411,300,214,119,182,3298
N1701,從謙學校,19,16,26,39,40,43,83,72,60,44,20,56,518
N1702,龍山學校,17,29,34,39,62,83,64,82,64,39,24,56,593
N1703,軍地蔬菜產銷有限責任合作社,13,35,45,61,39,65,73,86,74,60,56,122,729
N1704,新福事工協會生命導向中心,27,45,48,46,68,79,134,125,81,56,33,85,827
N1705,和合石村公所,10,16,18,9,22,28,42,40,24,18,9,32,268
P0101,大埔社區中心 (展覽廳),91,172,176,150,175,162,284,317,293,209,139,311,2479
P0201,大埔官立中學,168,296,306,315,233,300,594,753,456,234,102,190,3947
P0301,新界婦孺福利會梁省德學校,86,140,118,129,115,130,291,280,171,118,56,116,1750
P0302,香港紅卍字會大埔卍慈中學,216,461,300,172,132,145,437,673,465,277,156,321,3755
P0401,大元社區會堂,181,264,272,319,265,156,282,343,522,516,337,422,3879
P0501,富亨鄰里社區中心,239,675,403,168,101,129,411,778,491,313,178,260,4146
P0601,富善社區會堂,98,227,687,387,158,151,165,510,609,469,196,327,3984
P0602,孔教學院何郭佩珍中學,101,151,155,175,161,226,386,400,293,200,94,173,2515
P0701,香港道教聯合會圓玄學院第二中學,203,345,380,249,223,248,489,858,633,397,263,526,4814
P0801,廣福社區會堂,91,186,432,362,123,119,161,365,660,504,295,401,3699
P0802,大埔崇德黃建常紀念學校,86,112,101,110,119,176,247,273,153,100,57,153,1687
P0901,大埔浸信會公立學校,120,269,424,379,175,162,292,563,807,515,243,469,4418
P1001,香港教師會李興貴中學,222,294,295,316,367,439,836,868,564,422,187,306,5116
P1002,保良局田家炳千禧小學,26,40,42,50,49,83,132,153,134,65,16,40,830
P1101,運頭塘鄰里社區中心,248,491,323,211,170,177,415,644,491,313,167,325,3975
P1201,仁濟醫院蔡衍濤小學,125,180,189,203,214,332,587,490,367,247,84,188,3206
P1202,挪威國際學校,48,61,70,47,62,89,152,142,120,61,28,64,944
P1301,南華莆崇真堂,7,11,13,14,19,29,35,40,32,18,12,24,254
P1302,獅子會林村青年中心,86,117,141,181,226,219,339,341,272,173,62,190,2347
P1303,泰亨公立學校,28,36,34,73,89,84,92,100,84,53,19,44,736
P1401,神召會康樂中學,275,620,463,253,166,182,465,857,664,370,193,379,4887
P1501,林村公立黃福鑾紀念學校,179,589,618,257,144,119,304,822,629,380,229,365,4635
P1601,太和鄰里社區中心,151,252,286,280,331,396,734,564,321,210,88,206,3819
P1701,大埔三育中學,118,182,143,156,174,285,555,542,265,150,43,128,2741
P1702,育賢學校,22,41,48,48,46,71,87,126,86,41,23,64,703
P1703,康樂園國際學校,30,47,48,44,45,69,152,196,130,113,30,55,959
P1801,大美督村公所,57,55,50,77,95,152,216,210,142,78,36,95,1263
P1802,船灣詹屋村村公所,62,86,95,101,159,159,321,228,177,109,61,157,1715
P1803,香港教育學院賽馬會小學,25,39,22,23,48,64,151,127,107,51,13,25,695
P1901,香港浸信會神學院,84,128,111,162,210,332,500,451,299,167,56,111,2611
P1902,西貢郊野公園遊客中心,,,1,1,2,5,3,3,8,6,4,5,38
P1903,塔門鄉公所,1,,3,,3,11,11,14,18,17,15,42,135
Q0101,西貢賽馬會大會堂,144,225,263,285,374,377,668,670,580,405,212,525,4728
Q0201,西貢中心小學 (舊址),87,115,153,189,249,312,436,427,326,213,108,237,2852
Q0401,港澳信義會小學,160,272,266,268,344,421,721,732,556,395,273,459,4867
Q0501,新界西貢坑口區鄭植之中學,72,78,114,114,194,212,337,372,236,186,74,137,2126
Q0601,播道書院,107,179,267,553,923,619,632,473,406,337,175,333,5004
Q0701,香港基督教女青年會將軍澳綜合社會服務處,123,176,280,583,1201,1124,977,719,416,333,176,172,6280
Q0801,香海正覺蓮社佛教正覺中學,287,401,235,214,358,480,613,703,564,387,207,236,4685
Q0901,寶覺中學,270,472,398,657,1123,774,812,730,524,398,230,308,6696
Q1101,佛教志蓮小學,287,339,306,413,673,832,895,659,493,388,223,339,5847
Q1201,保良局馮晴紀念小學,216,344,414,587,966,1069,1292,899,620,469,307,450,7633
Q1301,翠林體育館,118,266,254,144,118,108,286,484,375,214,144,242,2753
Q1302,景嶺書院,91,127,160,144,149,164,276,374,293,210,132,223,2343
Q1401,翠林社區會堂,115,339,585,269,138,90,187,554,628,361,223,223,3712
Q1501,迦密主恩中學,171,570,767,307,184,159,367,913,808,460,241,449,5396
Q1601,寶林邨文娛活動會堂,207,429,393,448,615,694,946,1001,589,410,266,462,6460
Q1701,順德聯誼總會梁潔華小學,177,269,381,561,855,1089,1087,771,529,376,250,414,6759
Q1702,東華三院王余家潔紀念小學,83,74,121,202,314,629,572,320,158,99,50,81,2703
Q1801,香海正覺蓮社佛教黃藻森學校,236,673,541,253,215,198,528,957,798,558,329,608,5894
Q1901,天主教鳴遠中學,274,377,297,204,200,287,604,676,498,457,261,423,4558
Q2001,港澳信義會慕德中學,131,206,210,224,315,506,636,544,339,298,164,394,3967
Q2101,仁濟醫院陳耀星小學,219,308,277,338,449,697,828,829,594,428,271,556,5794
Q2201,尚德社區會堂,366,498,309,278,337,458,728,776,594,522,275,507,5648
Q2301,香港道教聯合會圓玄學院第三中學,179,213,338,323,537,676,740,680,520,422,327,620,5575
Q2401,康城社區會堂,121,173,214,272,428,462,561,565,343,177,76,89,3481
Q2402,啓思中學,35,62,110,188,308,288,249,182,157,115,36,39,1769
R0101,沙田大會堂,150,227,263,359,416,395,578,572,456,321,155,291,4183
R0102,沙田官立中學,49,51,42,45,59,66,125,164,95,55,20,44,815
R0103,基督教香港信義會沙田信義幼稚園,57,46,50,72,80,114,262,228,136,103,22,42,1212
R0201,瀝源社區會堂,106,166,133,139,181,197,216,276,284,290,253,493,2734
R0301,禾輋社區會堂,219,346,271,296,324,251,451,542,555,635,473,853,5216
R0401,浸信會呂明才小學,236,391,339,373,419,455,849,1054,708,420,156,352,5752
R0501,五旬節林漢光中學,128,270,335,381,406,500,688,743,602,380,146,325,4904
R0601,慈航學校,73,136,164,245,198,225,317,379,292,210,80,123,2442
R0602,富豪花園商場之有蓋走廊,80,149,145,122,212,172,273,359,287,221,109,158,2287
R0701,佛教覺光法師中學,113,197,197,281,242,141,245,285,465,596,463,783,4008
R0801,博康社區會堂,125,228,593,608,396,257,255,480,746,849,484,747,5768
R0901,沙田圍胡素貞博士紀念學校,118,233,364,573,255,184,284,494,773,745,363,497,4883
R1001,秦石社區會堂,111,229,331,390,233,145,258,360,794,761,377,400,4389
R1101,新田圍社區會堂,103,145,132,201,209,123,218,221,278,404,284,580,2898
R1201,九龍城浸信會禧年 (恩平) 小學,179,295,362,423,315,286,480,574,571,486,232,374,4577
R1301,梁文燕紀念中學 (沙田),93,200,207,169,132,117,238,462,349,225,94,178,2464
R1302,顯徑體育館,102,240,501,260,186,138,188,504,540,375,199,282,3515
R1401,東莞工商總會劉百樂中學,146,245,253,363,437,482,631,642,463,353,145,267,4427
R1402,迦密愛禮信小學,76,115,137,144,117,120,262,262,232,200,117,211,1993
R1501,顯徑鄰里社區中心,87,182,385,374,283,251,291,394,452,400,271,411,3781
R1502,才俊學校,50,73,58,50,56,119,208,223,145,94,27,46,1149
R1601,隆亨社區中心,193,304,442,485,335,254,364,619,804,786,419,592,5597
R1701,東莞工商總會張煌偉小學,86,155,240,267,214,130,164,238,499,560,303,508,3364
R1801,佛教黃允畋中學,100,198,163,237,192,153,247,318,334,384,315,607,3248
R1901,美林體育館,131,254,293,311,276,403,575,738,665,535,307,721,5209
R1902,美田社區會堂,190,238,209,222,338,439,572,573,450,351,126,184,3892
R2001,保良局蕭漢森小學,162,252,255,316,264,294,573,691,606,478,183,435,4509
R2101,賽馬會體藝中學,161,170,216,243,397,443,764,660,513,240,106,172,4085
R2201,香港中文大學富爾敦樓,32,45,46,48,64,75,144,141,128,90,19,40,872
R2202,仁愛堂香港台山商會長者活動中心,111,182,108,86,166,276,556,628,350,193,43,101,2800
R2301,香港中文大學校友會聯會陳震夏中學,312,442,345,250,354,403,743,758,639,404,229,502,5381
R2302,香港中國婦女會馮堯敬紀念中學,97,126,180,205,243,391,613,455,274,193,114,198,3089
R2401,宣道會台山陳元喜小學,153,301,406,378,553,657,917,795,537,347,183,339,5566
R2501,馬鞍山體育館,266,321,385,611,794,993,1413,1195,636,447,212,321,7594
R2601,利安社區會堂,411,519,380,414,515,583,953,992,707,610,337,426,6847
R2701,明愛馬鞍山中學,238,328,398,456,428,581,949,867,732,625,365,603,6570
R2801,吳氏宗親總會泰伯紀念學校,158,195,223,254,265,272,532,543,457,367,259,341,3866
R2901,保良局莊啓程小學,180,605,928,299,185,131,324,958,870,543,218,317,5558
R3001,馬鞍山聖若瑟小學,114,284,645,353,190,116,181,549,702,506,279,373,4292
R3002,恒安社區中心,106,236,446,308,240,199,302,570,573,409,213,321,3923
R3101,德信中學,199,300,384,790,979,921,860,737,568,501,261,323,6823
R3201,九龍城浸信會禧年小學,224,299,307,262,238,245,725,824,540,348,195,413,4620
R3301,林大輝中學,93,204,386,870,772,488,453,415,393,334,191,266,4865
R3401,路德會梁鉅鏐小學,198,225,210,247,326,367,633,742,375,196,142,233,3894
R3402,世界龍岡學校黃耀南小學,253,438,311,296,449,588,939,875,574,325,174,342,5564
R3403,香港浸會大學附屬學校王錦輝中小學,17,38,59,46,91,81,108,135,120,51,42,85,873
R3601,廣源社區會堂,232,525,449,256,205,223,489,793,604,439,331,461,5007
S0101,中華傳道會許大同學校,80,138,193,234,277,407,411,341,328,316,299,612,3636
S0102,聖公會仁立小學,78,98,73,56,84,121,192,205,167,129,99,337,1639
S0201,基督教香港信義會葵盛信義學校,251,294,269,240,295,439,536,572,517,485,488,1259,5645
S0301,仁愛堂彭鴻樟幼稚園,92,163,129,172,279,216,289,328,240,286,199,587,2980
S0401,佛教林炳炎紀念學校,112,222,290,261,298,321,425,500,480,408,356,765,4438
S0501,中華基督教會全完中學,185,221,210,220,358,375,439,460,422,300,166,208,3564
S0601,中華基督教會全完幼稚園,109,129,90,186,373,301,328,273,188,171,112,219,2479
S0701,聖公會主愛小學,184,315,276,287,346,563,583,524,494,340,425,889,5226
S0801,慈幼葉漢小學,100,180,152,212,335,474,380,343,308,391,548,1219,4642
S0901,石籬 (一) 邨室內活動室,109,213,272,280,355,355,494,440,462,423,413,750,4566
S1001,石籬社區會堂,248,235,285,332,321,428,566,600,478,435,362,684,4974
S1101,香港聖公會麥理浩夫人中心,135,232,308,306,332,314,399,478,423,370,239,379,3915
S1201,佛教林金殿紀念小學,185,254,240,274,402,425,504,510,459,554,542,1218,5567
S1301,華景山莊北停車場地下會議室,47,85,75,92,111,131,207,302,214,160,53,99,1576
S1302,迦密愛禮信中學,2,4,4,39,63,57,36,25,25,58,70,186,569
S1303,東華三院高可寧紀念小學,63,127,115,104,131,123,163,226,248,234,185,448,2167
S1401,中華基督教會基真小學,139,263,224,326,429,333,480,469,414,382,232,361,4052
S1501,香港四邑商工總會陳南昌紀念中學,102,126,175,336,489,543,487,371,343,523,363,477,4335
S1601,葵芳社區會堂,151,212,308,397,593,634,641,600,473,421,230,442,5102
S1701,荔景社區會堂,93,205,208,233,311,218,276,371,391,530,375,662,3873
S1801,葵盛社區會堂,116,224,236,389,396,296,305,411,448,545,499,852,4717
S1901,地利亞 (閩僑) 英文小學,102,359,485,221,134,104,271,662,528,353,205,326,3750
S1902,中華基督教會燕京書院,142,264,316,276,539,572,753,652,462,343,203,349,4871
S2001,聖公會青衣邨何澤芸小學,138,194,188,303,530,572,785,713,526,372,210,376,4907
S2101,荃灣商會學校,134,321,506,376,285,228,405,637,650,432,269,382,4625
S2201,東華三院吳祥川紀念中學,40,54,61,101,156,135,182,165,89,76,34,68,1161
S2202,保良局世德小學,186,191,262,457,714,855,1066,636,331,301,183,305,5487
S2301,長青邨社區中心,59,120,130,118,98,99,118,166,211,284,233,379,2015
S2302,美景花園社區中心,94,140,155,187,252,207,312,314,300,341,264,400,2966
S2401,青衣商會小學,60,100,170,215,179,110,159,217,375,472,316,551,2924
S2402,青衣商會幼稚園,79,170,199,118,129,131,267,425,328,228,124,232,2430
S2501,樂善堂梁植偉紀念中學,69,173,353,279,168,158,209,443,589,503,418,555,3917
S2601,藍澄會,16,43,75,166,185,100,85,94,58,36,17,22,897
S2602,聖公會青衣主恩小學,160,271,134,87,190,285,377,426,374,227,132,211,2874
S2701,長亨社區會堂,182,396,329,279,304,274,477,649,651,537,369,504,4951
S2801,長發社區中心,134,409,319,157,121,125,413,711,473,292,168,287,3609
S2901,中華傳道會呂明才小學,102,388,624,274,187,138,214,749,717,522,322,372,4609
T0101,中華基督教會大澳小學,10,14,12,18,31,35,65,69,96,109,107,270,836
T0102,沙螺灣鄉公所,,,,1,,3,1,3,1,2,3,15,29
T0103,大澳䃟頭村村公所,,1,,,1,,,4,5,3,1,7,22
T0104,醫療輔助隊東涌訓練中心,9,3,7,27,34,32,40,41,31,26,19,43,312
T0105,牛牯塱三鄉合作社,,,,,3,,4,2,3,,1,15,28
T0106,寶蓮禪寺大澳廳,,,,,,1,2,4,1,3,1,16,28
T0107,梅窩體育館,26,53,65,73,76,133,190,194,146,108,63,186,1313
T0108,塘福鄉公所,6,10,17,10,16,14,24,30,15,17,4,36,199
T0109,杯澳公立學校,8,11,19,27,31,43,80,83,46,52,21,60,481
T0201,東涌天主教學校,204,250,194,239,399,509,618,603,432,370,133,195,4146
T0301,香港教育工作者聯會黃楚標學校,269,403,264,170,190,351,549,635,517,324,156,204,4032
T0401,東涌社區會堂,66,133,207,316,492,408,457,531,530,389,184,233,3946
T0501,香港教育工作者聯會黃楚標中學,163,241,219,248,412,541,692,691,591,494,214,357,4863
T0601,聖公會偉倫小學,17,39,35,67,190,272,427,293,260,183,90,120,1993
T0701,坪洲體育館,63,68,101,112,124,170,233,249,218,170,87,312,1907
T0801,南丫島北段鄉事委員會,16,29,28,60,90,130,197,166,115,85,58,114,1088
T0802,索罟灣診所,1,1,2,2,10,8,10,16,9,9,8,32,108
T0901,佛教慧因法師紀念中學,65,74,104,98,109,128,248,222,239,160,108,296,1851
T0902,明愛陳震夏郊野學園 (分教處),23,50,67,53,48,78,122,154,122,91,55,92,955
T1001,長洲體育館,22,55,61,49,65,76,93,133,139,129,68,246,1136
T1002,國民學校,42,64,72,66,72,108,147,183,211,146,93,226,1430
,,60689,103074,115883,120298,139689,155018,218404,238691,205355,166841,102205,211002,1837149
,,3.30%,5.61%,6.31%,6.55%,7.60%,8.44%,11.89%,12.99%,11.18%,9.08%,5.56%,11.49%,